time_ps,active_channel,aout_active,expected_out
23260,0,0.000000,0.000000
25586,0,0.000000,0.000000
27912,0,0.000000,0.062775
30238,0,0.062775,0.125336
32564,0,0.125336,0.187378
34890,0,0.187378,0.248688
37216,0,0.248688,0.309021
39542,0,0.309021,0.368103
41868,0,0.368103,0.425781
44194,0,0.425781,0.481750
46520,0,0.481750,0.535797
48846,0,0.535797,0.587769
51172,0,0.587769,0.637390
53498,0,0.637390,0.684540
55824,0,0.684540,0.728943
58150,0,0.728943,0.770477
60476,0,0.770477,0.808990
62802,0,0.808990,0.844299
65128,0,0.844299,0.876282
67454,0,0.876282,0.904785
69780,0,0.904785,0.929749
72106,0,0.929749,0.951019
74432,0,0.951019,0.968567
76758,0,0.968567,0.982269
79084,0,0.982269,0.992096
81410,0,0.992096,0.997986
83736,0,0.997986,0.999969
86062,0,0.999969,0.997986
88388,0,0.997986,0.992096
90714,0,0.992096,0.982269
93040,0,0.982269,0.968567
95366,0,0.968567,0.951019
97692,0,0.951019,0.929749
100018,0,0.929749,0.904785
102344,0,0.904785,0.876282
104670,0,0.876282,0.844299
106996,0,0.844299,0.808990
109322,0,0.808990,0.770477
111648,0,0.770477,0.728943
113974,0,0.728943,0.684540
116300,0,0.684540,0.637390
118626,0,0.637390,0.587769
120952,0,0.587769,0.535797
123278,0,0.535797,0.481750
125604,0,0.481750,0.425781
127930,0,0.425781,0.368103
130256,0,0.368103,0.309021
132582,0,0.309021,0.248688
134908,0,0.248688,0.187378
137234,0,0.187378,0.125336
139560,0,0.125336,0.062775
141886,0,0.062775,0.000000
144212,0,0.000000,-0.062775
146538,0,-0.062775,-0.125336
148864,0,-0.125336,-0.187378
151190,0,-0.187378,-0.248688
153516,0,-0.248688,-0.309021
155842,0,-0.309021,-0.368103
158168,0,-0.368103,-0.425781
160494,0,-0.425781,-0.481750
162820,0,-0.481750,-0.535797
165146,0,-0.535797,-0.587769
167472,0,-0.587769,-0.637390
169798,0,-0.637390,-0.684540
172124,0,-0.684540,-0.728943
174450,0,-0.728943,-0.770477
176776,0,-0.770477,-0.808990
179102,0,-0.808990,-0.844299
181428,0,-0.844299,-0.876282
183754,0,-0.876282,-0.904785
186080,0,-0.904785,-0.929749
188406,0,-0.929749,-0.951019
190732,0,-0.951019,-0.968567
193058,0,-0.968567,-0.982269
195384,0,-0.982269,-0.992096
197710,0,-0.992096,-0.997986
200036,0,-0.997986,-0.999969
202362,0,-0.999969,-0.997986
204688,0,-0.997986,-0.992096
207014,0,-0.992096,-0.982269
209340,0,-0.982269,-0.968567
211666,0,-0.968567,-0.951019
213992,0,-0.951019,-0.929749
216318,0,-0.929749,-0.904785
218644,0,-0.904785,-0.876282
220970,0,-0.876282,-0.844299
223296,0,-0.844299,-0.808990
225622,0,-0.808990,-0.770477
227948,0,-0.770477,-0.728943
230274,0,-0.728943,-0.684540
232600,0,-0.684540,-0.637390
234926,0,-0.637390,-0.587769
237252,0,-0.587769,-0.535797
239578,0,-0.535797,-0.481750
241904,0,-0.481750,-0.425781
244230,0,-0.425781,-0.368103
246556,0,-0.368103,-0.309021
248882,0,-0.309021,-0.248688
251208,0,-0.248688,-0.187378
253534,0,-0.187378,-0.125336
255860,1,0.000000,-0.062775
258186,1,0.000000,0.000000
260512,1,0.000000,0.062775
262838,1,0.062775,0.125336
265164,1,0.125336,0.187378
267490,1,0.187378,0.248688
269816,1,0.248688,0.309021
272142,1,0.309021,0.368103
274468,1,0.368103,0.425781
276794,1,0.425781,0.481750
279120,1,0.481750,0.535797
281446,1,0.535797,0.587769
283772,1,0.587769,0.637390
286098,1,0.637390,0.684540
288424,1,0.684540,0.728943
290750,1,0.728943,0.770477
293076,1,0.770477,0.808990
295402,1,0.808990,0.844299
297728,1,0.844299,0.876282
300054,1,0.876282,0.904785
302380,1,0.904785,0.929749
304706,1,0.929749,0.951019
307032,1,0.951019,0.968567
309358,1,0.968567,0.982269
311684,1,0.982269,0.992096
314010,1,0.992096,0.997986
316336,1,0.997986,0.999969
318662,1,0.999969,0.997986
320988,1,0.997986,0.992096
323314,1,0.992096,0.982269
325640,1,0.982269,0.968567
327966,1,0.968567,0.951019
330292,1,0.951019,0.929749
332618,1,0.929749,0.904785
334944,1,0.904785,0.876282
337270,1,0.876282,0.844299
339596,1,0.844299,0.808990
341922,1,0.808990,0.770477
344248,1,0.770477,0.728943
346574,1,0.728943,0.684540
348900,1,0.684540,0.637390
351226,1,0.637390,0.587769
353552,1,0.587769,0.535797
355878,1,0.535797,0.481750
358204,1,0.481750,0.425781
360530,1,0.425781,0.368103
362856,1,0.368103,0.309021
365182,1,0.309021,0.248688
367508,1,0.248688,0.187378
369834,1,0.187378,0.125336
372160,1,0.125336,0.062775
374486,1,0.062775,0.000000
376812,1,0.000000,-0.062775
379138,1,-0.062775,-0.125336
381464,1,-0.125336,-0.187378
383790,1,-0.187378,-0.248688
386116,1,-0.248688,-0.309021
388442,1,-0.309021,-0.368103
390768,1,-0.368103,-0.425781
393094,1,-0.425781,-0.481750
395420,1,-0.481750,-0.535797
397746,1,-0.535797,-0.587769
400072,1,-0.587769,-0.637390
402398,1,-0.637390,-0.684540
404724,1,-0.684540,-0.728943
407050,1,-0.728943,-0.770477
409376,1,-0.770477,-0.808990
411702,1,-0.808990,-0.844299
414028,1,-0.844299,-0.876282
416354,1,-0.876282,-0.904785
418680,1,-0.904785,-0.929749
421006,1,-0.929749,-0.951019
423332,1,-0.951019,-0.968567
425658,1,-0.968567,-0.982269
427984,1,-0.982269,-0.992096
430310,1,-0.992096,-0.997986
432636,1,-0.997986,-0.999969
434962,1,-0.999969,-0.997986
437288,1,-0.997986,-0.992096
439614,1,-0.992096,-0.982269
441940,1,-0.982269,-0.968567
444266,1,-0.968567,-0.951019
446592,1,-0.951019,-0.929749
448918,1,-0.929749,-0.904785
451244,1,-0.904785,-0.876282
453570,1,-0.876282,-0.844299
455896,1,-0.844299,-0.808990
458222,1,-0.808990,-0.770477
460548,1,-0.770477,-0.728943
462874,1,-0.728943,-0.684540
465200,1,-0.684540,-0.637390
467526,1,-0.637390,-0.587769
469852,1,-0.587769,-0.535797
472178,1,-0.535797,-0.481750
474504,1,-0.481750,-0.425781
476830,1,-0.425781,-0.368103
479156,1,-0.368103,-0.309021
481482,1,-0.309021,-0.248688
483808,1,-0.248688,-0.187378
486134,1,-0.187378,-0.125336
488460,2,0.000000,-0.062775
490786,2,0.000000,0.000000
493112,2,0.000000,0.062775
495438,2,0.062775,0.125336
497764,2,0.125336,0.187378
500090,2,0.187378,0.248688
502416,2,0.248688,0.309021
504742,2,0.309021,0.368103
507068,2,0.368103,0.425781
509394,2,0.425781,0.481750
511720,2,0.481750,0.535797
514046,2,0.535797,0.587769
516372,2,0.587769,0.637390
518698,2,0.637390,0.684540
521024,2,0.684540,0.728943
523350,2,0.728943,0.770477
525676,2,0.770477,0.808990
528002,2,0.808990,0.844299
530328,2,0.844299,0.876282
532654,2,0.876282,0.904785
534980,2,0.904785,0.929749
537306,2,0.929749,0.951019
539632,2,0.951019,0.968567
541958,2,0.968567,0.982269
544284,2,0.982269,0.992096
546610,2,0.992096,0.997986
548936,2,0.997986,0.999969
551262,2,0.999969,0.997986
553588,2,0.997986,0.992096
555914,2,0.992096,0.982269
558240,2,0.982269,0.968567
560566,2,0.968567,0.951019
562892,2,0.951019,0.929749
565218,2,0.929749,0.904785
567544,2,0.904785,0.876282
569870,2,0.876282,0.844299
572196,2,0.844299,0.808990
574522,2,0.808990,0.770477
576848,2,0.770477,0.728943
579174,2,0.728943,0.684540
581500,2,0.684540,0.637390
583826,2,0.637390,0.587769
586152,2,0.587769,0.535797
588478,2,0.535797,0.481750
590804,2,0.481750,0.425781
593130,2,0.425781,0.368103
595456,2,0.368103,0.309021
597782,2,0.309021,0.248688
600108,2,0.248688,0.187378
602434,2,0.187378,0.125336
604760,2,0.125336,0.062775
607086,2,0.062775,0.000000
609412,2,0.000000,-0.062775
611738,2,-0.062775,-0.125336
614064,2,-0.125336,-0.187378
616390,2,-0.187378,-0.248688
618716,2,-0.248688,-0.309021
621042,2,-0.309021,-0.368103
623368,2,-0.368103,-0.425781
625694,2,-0.425781,-0.481750
628020,2,-0.481750,-0.535797
630346,2,-0.535797,-0.587769
632672,2,-0.587769,-0.637390
634998,2,-0.637390,-0.684540
637324,2,-0.684540,-0.728943
639650,2,-0.728943,-0.770477
641976,2,-0.770477,-0.808990
644302,2,-0.808990,-0.844299
646628,2,-0.844299,-0.876282
648954,2,-0.876282,-0.904785
651280,2,-0.904785,-0.929749
653606,2,-0.929749,-0.951019
655932,2,-0.951019,-0.968567
658258,2,-0.968567,-0.982269
660584,2,-0.982269,-0.992096
662910,2,-0.992096,-0.997986
665236,2,-0.997986,-0.999969
667562,2,-0.999969,-0.997986
669888,2,-0.997986,-0.992096
672214,2,-0.992096,-0.982269
674540,2,-0.982269,-0.968567
676866,2,-0.968567,-0.951019
679192,2,-0.951019,-0.929749
681518,2,-0.929749,-0.904785
683844,2,-0.904785,-0.876282
686170,2,-0.876282,-0.844299
688496,2,-0.844299,-0.808990
690822,2,-0.808990,-0.770477
693148,2,-0.770477,-0.728943
695474,2,-0.728943,-0.684540
697800,2,-0.684540,-0.637390
700126,2,-0.637390,-0.587769
702452,2,-0.587769,-0.535797
704778,2,-0.535797,-0.481750
707104,2,-0.481750,-0.425781
709430,2,-0.425781,-0.368103
711756,2,-0.368103,-0.309021
714082,2,-0.309021,-0.248688
716408,2,-0.248688,-0.187378
718734,2,-0.187378,-0.125336
721060,3,0.000000,-0.062775
723386,3,0.000000,0.000000
725712,3,0.000000,0.062775
728038,3,0.062775,0.125336
730364,3,0.125336,0.187378
732690,3,0.187378,0.248688
735016,3,0.248688,0.309021
737342,3,0.309021,0.368103
739668,3,0.368103,0.425781
741994,3,0.425781,0.481750
744320,3,0.481750,0.535797
746646,3,0.535797,0.587769
748972,3,0.587769,0.637390
751298,3,0.637390,0.684540
753624,3,0.684540,0.728943
755950,3,0.728943,0.770477
758276,3,0.770477,0.808990
760602,3,0.808990,0.844299
762928,3,0.844299,0.876282
765254,3,0.876282,0.904785
767580,3,0.904785,0.929749
769906,3,0.929749,0.951019
772232,3,0.951019,0.968567
774558,3,0.968567,0.982269
776884,3,0.982269,0.992096
779210,3,0.992096,0.997986
781536,3,0.997986,0.999969
783862,3,0.999969,0.997986
786188,3,0.997986,0.992096
788514,3,0.992096,0.982269
790840,3,0.982269,0.968567
793166,3,0.968567,0.951019
795492,3,0.951019,0.929749
797818,3,0.929749,0.904785
800144,3,0.904785,0.876282
802470,3,0.876282,0.844299
804796,3,0.844299,0.808990
807122,3,0.808990,0.770477
809448,3,0.770477,0.728943
811774,3,0.728943,0.684540
814100,3,0.684540,0.637390
816426,3,0.637390,0.587769
818752,3,0.587769,0.535797
821078,3,0.535797,0.481750
823404,3,0.481750,0.425781
825730,3,0.425781,0.368103
828056,3,0.368103,0.309021
830382,3,0.309021,0.248688
832708,3,0.248688,0.187378
835034,3,0.187378,0.125336
837360,3,0.125336,0.062775
839686,3,0.062775,0.000000
842012,3,0.000000,-0.062775
844338,3,-0.062775,-0.125336
846664,3,-0.125336,-0.187378
848990,3,-0.187378,-0.248688
851316,3,-0.248688,-0.309021
853642,3,-0.309021,-0.368103
855968,3,-0.368103,-0.425781
858294,3,-0.425781,-0.481750
860620,3,-0.481750,-0.535797
862946,3,-0.535797,-0.587769
865272,3,-0.587769,-0.637390
867598,3,-0.637390,-0.684540
869924,3,-0.684540,-0.728943
872250,3,-0.728943,-0.770477
874576,3,-0.770477,-0.808990
876902,3,-0.808990,-0.844299
879228,3,-0.844299,-0.876282
881554,3,-0.876282,-0.904785
883880,3,-0.904785,-0.929749
886206,3,-0.929749,-0.951019
888532,3,-0.951019,-0.968567
890858,3,-0.968567,-0.982269
893184,3,-0.982269,-0.992096
895510,3,-0.992096,-0.997986
897836,3,-0.997986,-0.999969
900162,3,-0.999969,-0.997986
902488,3,-0.997986,-0.992096
904814,3,-0.992096,-0.982269
907140,3,-0.982269,-0.968567
909466,3,-0.968567,-0.951019
911792,3,-0.951019,-0.929749
914118,3,-0.929749,-0.904785
916444,3,-0.904785,-0.876282
918770,3,-0.876282,-0.844299
921096,3,-0.844299,-0.808990
923422,3,-0.808990,-0.770477
925748,3,-0.770477,-0.728943
928074,3,-0.728943,-0.684540
930400,3,-0.684540,-0.637390
932726,3,-0.637390,-0.587769
935052,3,-0.587769,-0.535797
937378,3,-0.535797,-0.481750
939704,3,-0.481750,-0.425781
942030,3,-0.425781,-0.368103
944356,3,-0.368103,-0.309021
946682,3,-0.309021,-0.248688
949008,3,-0.248688,-0.187378
951334,3,-0.187378,-0.125336
953660,4,0.000000,-0.062775
955986,4,0.000000,0.000000
958312,4,0.000000,0.062775
960638,4,0.062775,0.125336
962964,4,0.125336,0.187378
965290,4,0.187378,0.248688
967616,4,0.248688,0.309021
969942,4,0.309021,0.368103
972268,4,0.368103,0.425781
974594,4,0.425781,0.481750
976920,4,0.481750,0.535797
979246,4,0.535797,0.587769
981572,4,0.587769,0.637390
983898,4,0.637390,0.684540
986224,4,0.684540,0.728943
988550,4,0.728943,0.770477
990876,4,0.770477,0.808990
993202,4,0.808990,0.844299
995528,4,0.844299,0.876282
997854,4,0.876282,0.904785
1000180,4,0.904785,0.929749
1002506,4,0.929749,0.951019
1004832,4,0.951019,0.968567
1007158,4,0.968567,0.982269
1009484,4,0.982269,0.992096
1011810,4,0.992096,0.997986
1014136,4,0.997986,0.999969
1016462,4,0.999969,0.997986
1018788,4,0.997986,0.992096
1021114,4,0.992096,0.982269
1023440,4,0.982269,0.968567
1025766,4,0.968567,0.951019
1028092,4,0.951019,0.929749
1030418,4,0.929749,0.904785
1032744,4,0.904785,0.876282
1035070,4,0.876282,0.844299
1037396,4,0.844299,0.808990
1039722,4,0.808990,0.770477
1042048,4,0.770477,0.728943
1044374,4,0.728943,0.684540
1046700,4,0.684540,0.637390
1049026,4,0.637390,0.587769
1051352,4,0.587769,0.535797
1053678,4,0.535797,0.481750
1056004,4,0.481750,0.425781
1058330,4,0.425781,0.368103
1060656,4,0.368103,0.309021
1062982,4,0.309021,0.248688
1065308,4,0.248688,0.187378
1067634,4,0.187378,0.125336
1069960,4,0.125336,0.062775
1072286,4,0.062775,0.000000
1074612,4,0.000000,-0.062775
1076938,4,-0.062775,-0.125336
1079264,4,-0.125336,-0.187378
1081590,4,-0.187378,-0.248688
1083916,4,-0.248688,-0.309021
1086242,4,-0.309021,-0.368103
1088568,4,-0.368103,-0.425781
1090894,4,-0.425781,-0.481750
1093220,4,-0.481750,-0.535797
1095546,4,-0.535797,-0.587769
1097872,4,-0.587769,-0.637390
1100198,4,-0.637390,-0.684540
1102524,4,-0.684540,-0.728943
1104850,4,-0.728943,-0.770477
1107176,4,-0.770477,-0.808990
1109502,4,-0.808990,-0.844299
1111828,4,-0.844299,-0.876282
1114154,4,-0.876282,-0.904785
1116480,4,-0.904785,-0.929749
1118806,4,-0.929749,-0.951019
1121132,4,-0.951019,-0.968567
1123458,4,-0.968567,-0.982269
1125784,4,-0.982269,-0.992096
1128110,4,-0.992096,-0.997986
1130436,4,-0.997986,-0.999969
1132762,4,-0.999969,-0.997986
1135088,4,-0.997986,-0.992096
1137414,4,-0.992096,-0.982269
1139740,4,-0.982269,-0.968567
1142066,4,-0.968567,-0.951019
1144392,4,-0.951019,-0.929749
1146718,4,-0.929749,-0.904785
1149044,4,-0.904785,-0.876282
1151370,4,-0.876282,-0.844299
1153696,4,-0.844299,-0.808990
1156022,4,-0.808990,-0.770477
1158348,4,-0.770477,-0.728943
1160674,4,-0.728943,-0.684540
1163000,4,-0.684540,-0.637390
1165326,4,-0.637390,-0.587769
1167652,4,-0.587769,-0.535797
1169978,4,-0.535797,-0.481750
1172304,4,-0.481750,-0.425781
1174630,4,-0.425781,-0.368103
1176956,4,-0.368103,-0.309021
1179282,4,-0.309021,-0.248688
1181608,4,-0.248688,-0.187378
1183934,4,-0.187378,-0.125336
1186260,5,0.000000,-0.062775
1188586,5,0.000000,0.000000
1190912,5,0.000000,0.062775
1193238,5,0.062775,0.125336
1195564,5,0.125336,0.187378
1197890,5,0.187378,0.248688
1200216,5,0.248688,0.309021
1202542,5,0.309021,0.368103
1204868,5,0.368103,0.425781
1207194,5,0.425781,0.481750
1209520,5,0.481750,0.535797
1211846,5,0.535797,0.587769
1214172,5,0.587769,0.637390
1216498,5,0.637390,0.684540
1218824,5,0.684540,0.728943
1221150,5,0.728943,0.770477
1223476,5,0.770477,0.808990
1225802,5,0.808990,0.844299
1228128,5,0.844299,0.876282
1230454,5,0.876282,0.904785
1232780,5,0.904785,0.929749
1235106,5,0.929749,0.951019
1237432,5,0.951019,0.968567
1239758,5,0.968567,0.982269
1242084,5,0.982269,0.992096
1244410,5,0.992096,0.997986
1246736,5,0.997986,0.999969
1249062,5,0.999969,0.997986
1251388,5,0.997986,0.992096
1253714,5,0.992096,0.982269
1256040,5,0.982269,0.968567
1258366,5,0.968567,0.951019
1260692,5,0.951019,0.929749
1263018,5,0.929749,0.904785
1265344,5,0.904785,0.876282
1267670,5,0.876282,0.844299
1269996,5,0.844299,0.808990
1272322,5,0.808990,0.770477
1274648,5,0.770477,0.728943
1276974,5,0.728943,0.684540
1279300,5,0.684540,0.637390
1281626,5,0.637390,0.587769
1283952,5,0.587769,0.535797
1286278,5,0.535797,0.481750
1288604,5,0.481750,0.425781
1290930,5,0.425781,0.368103
1293256,5,0.368103,0.309021
1295582,5,0.309021,0.248688
1297908,5,0.248688,0.187378
1300234,5,0.187378,0.125336
1302560,5,0.125336,0.062775
1304886,5,0.062775,0.000000
1307212,5,0.000000,-0.062775
1309538,5,-0.062775,-0.125336
1311864,5,-0.125336,-0.187378
1314190,5,-0.187378,-0.248688
1316516,5,-0.248688,-0.309021
1318842,5,-0.309021,-0.368103
1321168,5,-0.368103,-0.425781
1323494,5,-0.425781,-0.481750
1325820,5,-0.481750,-0.535797
1328146,5,-0.535797,-0.587769
1330472,5,-0.587769,-0.637390
1332798,5,-0.637390,-0.684540
1335124,5,-0.684540,-0.728943
1337450,5,-0.728943,-0.770477
1339776,5,-0.770477,-0.808990
1342102,5,-0.808990,-0.844299
1344428,5,-0.844299,-0.876282
1346754,5,-0.876282,-0.904785
1349080,5,-0.904785,-0.929749
1351406,5,-0.929749,-0.951019
1353732,5,-0.951019,-0.968567
1356058,5,-0.968567,-0.982269
1358384,5,-0.982269,-0.992096
1360710,5,-0.992096,-0.997986
1363036,5,-0.997986,-0.999969
1365362,5,-0.999969,-0.997986
1367688,5,-0.997986,-0.992096
1370014,5,-0.992096,-0.982269
1372340,5,-0.982269,-0.968567
1374666,5,-0.968567,-0.951019
1376992,5,-0.951019,-0.929749
1379318,5,-0.929749,-0.904785
1381644,5,-0.904785,-0.876282
1383970,5,-0.876282,-0.844299
1386296,5,-0.844299,-0.808990
1388622,5,-0.808990,-0.770477
1390948,5,-0.770477,-0.728943
1393274,5,-0.728943,-0.684540
1395600,5,-0.684540,-0.637390
1397926,5,-0.637390,-0.587769
1400252,5,-0.587769,-0.535797
1402578,5,-0.535797,-0.481750
1404904,5,-0.481750,-0.425781
1407230,5,-0.425781,-0.368103
1409556,5,-0.368103,-0.309021
1411882,5,-0.309021,-0.248688
1414208,5,-0.248688,-0.187378
1416534,5,-0.187378,-0.125336
1418860,6,0.000000,-0.062775
1421186,6,0.000000,0.000000
1423512,6,0.000000,0.062775
1425838,6,0.062775,0.125336
1428164,6,0.125336,0.187378
1430490,6,0.187378,0.248688
1432816,6,0.248688,0.309021
1435142,6,0.309021,0.368103
1437468,6,0.368103,0.425781
1439794,6,0.425781,0.481750
1442120,6,0.481750,0.535797
1444446,6,0.535797,0.587769
1446772,6,0.587769,0.637390
1449098,6,0.637390,0.684540
1451424,6,0.684540,0.728943
1453750,6,0.728943,0.770477
1456076,6,0.770477,0.808990
1458402,6,0.808990,0.844299
1460728,6,0.844299,0.876282
1463054,6,0.876282,0.904785
1465380,6,0.904785,0.929749
1467706,6,0.929749,0.951019
1470032,6,0.951019,0.968567
1472358,6,0.968567,0.982269
1474684,6,0.982269,0.992096
1477010,6,0.992096,0.997986
1479336,6,0.997986,0.999969
1481662,6,0.999969,0.997986
1483988,6,0.997986,0.992096
1486314,6,0.992096,0.982269
1488640,6,0.982269,0.968567
1490966,6,0.968567,0.951019
1493292,6,0.951019,0.929749
1495618,6,0.929749,0.904785
1497944,6,0.904785,0.876282
1500270,6,0.876282,0.844299
1502596,6,0.844299,0.808990
1504922,6,0.808990,0.770477
1507248,6,0.770477,0.728943
1509574,6,0.728943,0.684540
1511900,6,0.684540,0.637390
1514226,6,0.637390,0.587769
1516552,6,0.587769,0.535797
1518878,6,0.535797,0.481750
1521204,6,0.481750,0.425781
1523530,6,0.425781,0.368103
1525856,6,0.368103,0.309021
1528182,6,0.309021,0.248688
1530508,6,0.248688,0.187378
1532834,6,0.187378,0.125336
1535160,6,0.125336,0.062775
1537486,6,0.062775,0.000000
1539812,6,0.000000,-0.062775
1542138,6,-0.062775,-0.125336
1544464,6,-0.125336,-0.187378
1546790,6,-0.187378,-0.248688
1549116,6,-0.248688,-0.309021
1551442,6,-0.309021,-0.368103
1553768,6,-0.368103,-0.425781
1556094,6,-0.425781,-0.481750
1558420,6,-0.481750,-0.535797
1560746,6,-0.535797,-0.587769
1563072,6,-0.587769,-0.637390
1565398,6,-0.637390,-0.684540
1567724,6,-0.684540,-0.728943
1570050,6,-0.728943,-0.770477
1572376,6,-0.770477,-0.808990
1574702,6,-0.808990,-0.844299
1577028,6,-0.844299,-0.876282
1579354,6,-0.876282,-0.904785
1581680,6,-0.904785,-0.929749
1584006,6,-0.929749,-0.951019
1586332,6,-0.951019,-0.968567
1588658,6,-0.968567,-0.982269
1590984,6,-0.982269,-0.992096
1593310,6,-0.992096,-0.997986
1595636,6,-0.997986,-0.999969
1597962,6,-0.999969,-0.997986
1600288,6,-0.997986,-0.992096
1602614,6,-0.992096,-0.982269
1604940,6,-0.982269,-0.968567
1607266,6,-0.968567,-0.951019
1609592,6,-0.951019,-0.929749
1611918,6,-0.929749,-0.904785
1614244,6,-0.904785,-0.876282
1616570,6,-0.876282,-0.844299
1618896,6,-0.844299,-0.808990
1621222,6,-0.808990,-0.770477
1623548,6,-0.770477,-0.728943
1625874,6,-0.728943,-0.684540
1628200,6,-0.684540,-0.637390
1630526,6,-0.637390,-0.587769
1632852,6,-0.587769,-0.535797
1635178,6,-0.535797,-0.481750
1637504,6,-0.481750,-0.425781
1639830,6,-0.425781,-0.368103
1642156,6,-0.368103,-0.309021
1644482,6,-0.309021,-0.248688
1646808,6,-0.248688,-0.187378
1649134,6,-0.187378,-0.125336
1651460,7,0.000000,-0.062775
1653786,7,0.000000,0.000000
1656112,7,0.000000,0.062775
1658438,7,0.062775,0.125336
1660764,7,0.125336,0.187378
1663090,7,0.187378,0.248688
1665416,7,0.248688,0.309021
1667742,7,0.309021,0.368103
1670068,7,0.368103,0.425781
1672394,7,0.425781,0.481750
1674720,7,0.481750,0.535797
1677046,7,0.535797,0.587769
1679372,7,0.587769,0.637390
1681698,7,0.637390,0.684540
1684024,7,0.684540,0.728943
1686350,7,0.728943,0.770477
1688676,7,0.770477,0.808990
1691002,7,0.808990,0.844299
1693328,7,0.844299,0.876282
1695654,7,0.876282,0.904785
1697980,7,0.904785,0.929749
1700306,7,0.929749,0.951019
1702632,7,0.951019,0.968567
1704958,7,0.968567,0.982269
1707284,7,0.982269,0.992096
1709610,7,0.992096,0.997986
1711936,7,0.997986,0.999969
1714262,7,0.999969,0.997986
1716588,7,0.997986,0.992096
1718914,7,0.992096,0.982269
1721240,7,0.982269,0.968567
1723566,7,0.968567,0.951019
1725892,7,0.951019,0.929749
1728218,7,0.929749,0.904785
1730544,7,0.904785,0.876282
1732870,7,0.876282,0.844299
1735196,7,0.844299,0.808990
1737522,7,0.808990,0.770477
1739848,7,0.770477,0.728943
1742174,7,0.728943,0.684540
1744500,7,0.684540,0.637390
1746826,7,0.637390,0.587769
1749152,7,0.587769,0.535797
1751478,7,0.535797,0.481750
1753804,7,0.481750,0.425781
1756130,7,0.425781,0.368103
1758456,7,0.368103,0.309021
1760782,7,0.309021,0.248688
1763108,7,0.248688,0.187378
1765434,7,0.187378,0.125336
1767760,7,0.125336,0.062775
1770086,7,0.062775,0.000000
1772412,7,0.000000,-0.062775
1774738,7,-0.062775,-0.125336
1777064,7,-0.125336,-0.187378
1779390,7,-0.187378,-0.248688
1781716,7,-0.248688,-0.309021
1784042,7,-0.309021,-0.368103
1786368,7,-0.368103,-0.425781
1788694,7,-0.425781,-0.481750
1791020,7,-0.481750,-0.535797
1793346,7,-0.535797,-0.587769
1795672,7,-0.587769,-0.637390
1797998,7,-0.637390,-0.684540
1800324,7,-0.684540,-0.728943
1802650,7,-0.728943,-0.770477
1804976,7,-0.770477,-0.808990
1807302,7,-0.808990,-0.844299
1809628,7,-0.844299,-0.876282
1811954,7,-0.876282,-0.904785
1814280,7,-0.904785,-0.929749
1816606,7,-0.929749,-0.951019
1818932,7,-0.951019,-0.968567
1821258,7,-0.968567,-0.982269
1823584,7,-0.982269,-0.992096
1825910,7,-0.992096,-0.997986
1828236,7,-0.997986,-0.999969
1830562,7,-0.999969,-0.997986
1832888,7,-0.997986,-0.992096
1835214,7,-0.992096,-0.982269
1837540,7,-0.982269,-0.968567
1839866,7,-0.968567,-0.951019
1842192,7,-0.951019,-0.929749
1844518,7,-0.929749,-0.904785
1846844,7,-0.904785,-0.876282
1849170,7,-0.876282,-0.844299
1851496,7,-0.844299,-0.808990
1853822,7,-0.808990,-0.770477
1856148,7,-0.770477,-0.728943
1858474,7,-0.728943,-0.684540
1860800,7,-0.684540,-0.637390
1863126,7,-0.637390,-0.587769
1865452,7,-0.587769,-0.535797
1867778,7,-0.535797,-0.481750
1870104,7,-0.481750,-0.425781
1872430,7,-0.425781,-0.368103
1874756,7,-0.368103,-0.309021
1877082,7,-0.309021,-0.248688
1879408,7,-0.248688,-0.187378
1881734,7,-0.187378,-0.125336
1884060,8,0.000000,-0.062775
1886386,8,0.000000,0.000000
1888712,8,0.000000,0.062775
1891038,8,0.062775,0.125336
1893364,8,0.125336,0.187378
1895690,8,0.187378,0.248688
1898016,8,0.248688,0.309021
1900342,8,0.309021,0.368103
1902668,8,0.368103,0.425781
1904994,8,0.425781,0.481750
1907320,8,0.481750,0.535797
1909646,8,0.535797,0.587769
1911972,8,0.587769,0.637390
1914298,8,0.637390,0.684540
1916624,8,0.684540,0.728943
1918950,8,0.728943,0.770477
1921276,8,0.770477,0.808990
1923602,8,0.808990,0.844299
1925928,8,0.844299,0.876282
1928254,8,0.876282,0.904785
1930580,8,0.904785,0.929749
1932906,8,0.929749,0.951019
1935232,8,0.951019,0.968567
1937558,8,0.968567,0.982269
1939884,8,0.982269,0.992096
1942210,8,0.992096,0.997986
1944536,8,0.997986,0.999969
1946862,8,0.999969,0.997986
1949188,8,0.997986,0.992096
1951514,8,0.992096,0.982269
1953840,8,0.982269,0.968567
1956166,8,0.968567,0.951019
1958492,8,0.951019,0.929749
1960818,8,0.929749,0.904785
1963144,8,0.904785,0.876282
1965470,8,0.876282,0.844299
1967796,8,0.844299,0.808990
1970122,8,0.808990,0.770477
1972448,8,0.770477,0.728943
1974774,8,0.728943,0.684540
1977100,8,0.684540,0.637390
1979426,8,0.637390,0.587769
1981752,8,0.587769,0.535797
1984078,8,0.535797,0.481750
1986404,8,0.481750,0.425781
1988730,8,0.425781,0.368103
1991056,8,0.368103,0.309021
1993382,8,0.309021,0.248688
1995708,8,0.248688,0.187378
1998034,8,0.187378,0.125336
2000360,8,0.125336,0.062775
2002686,8,0.062775,0.000000
2005012,8,0.000000,-0.062775
2007338,8,-0.062775,-0.125336
2009664,8,-0.125336,-0.187378
2011990,8,-0.187378,-0.248688
2014316,8,-0.248688,-0.309021
2016642,8,-0.309021,-0.368103
2018968,8,-0.368103,-0.425781
2021294,8,-0.425781,-0.481750
2023620,8,-0.481750,-0.535797
2025946,8,-0.535797,-0.587769
2028272,8,-0.587769,-0.637390
2030598,8,-0.637390,-0.684540
2032924,8,-0.684540,-0.728943
2035250,8,-0.728943,-0.770477
2037576,8,-0.770477,-0.808990
2039902,8,-0.808990,-0.844299
2042228,8,-0.844299,-0.876282
2044554,8,-0.876282,-0.904785
2046880,8,-0.904785,-0.929749
2049206,8,-0.929749,-0.951019
2051532,8,-0.951019,-0.968567
2053858,8,-0.968567,-0.982269
2056184,8,-0.982269,-0.992096
2058510,8,-0.992096,-0.997986
2060836,8,-0.997986,-0.999969
2063162,8,-0.999969,-0.997986
2065488,8,-0.997986,-0.992096
2067814,8,-0.992096,-0.982269
2070140,8,-0.982269,-0.968567
2072466,8,-0.968567,-0.951019
2074792,8,-0.951019,-0.929749
2077118,8,-0.929749,-0.904785
2079444,8,-0.904785,-0.876282
2081770,8,-0.876282,-0.844299
2084096,8,-0.844299,-0.808990
2086422,8,-0.808990,-0.770477
2088748,8,-0.770477,-0.728943
2091074,8,-0.728943,-0.684540
2093400,8,-0.684540,-0.637390
2095726,8,-0.637390,-0.587769
2098052,8,-0.587769,-0.535797
2100378,8,-0.535797,-0.481750
2102704,8,-0.481750,-0.425781
2105030,8,-0.425781,-0.368103
2107356,8,-0.368103,-0.309021
2109682,8,-0.309021,-0.248688
2112008,8,-0.248688,-0.187378
2114334,8,-0.187378,-0.125336
2116660,9,0.000000,-0.062775
2118986,9,0.000000,0.000000
2121312,9,0.000000,0.062775
2123638,9,0.062775,0.125336
2125964,9,0.125336,0.187378
2128290,9,0.187378,0.248688
2130616,9,0.248688,0.309021
2132942,9,0.309021,0.368103
2135268,9,0.368103,0.425781
2137594,9,0.425781,0.481750
2139920,9,0.481750,0.535797
2142246,9,0.535797,0.587769
2144572,9,0.587769,0.637390
2146898,9,0.637390,0.684540
2149224,9,0.684540,0.728943
2151550,9,0.728943,0.770477
2153876,9,0.770477,0.808990
2156202,9,0.808990,0.844299
2158528,9,0.844299,0.876282
2160854,9,0.876282,0.904785
2163180,9,0.904785,0.929749
2165506,9,0.929749,0.951019
2167832,9,0.951019,0.968567
2170158,9,0.968567,0.982269
2172484,9,0.982269,0.992096
2174810,9,0.992096,0.997986
2177136,9,0.997986,0.999969
2179462,9,0.999969,0.997986
2181788,9,0.997986,0.992096
2184114,9,0.992096,0.982269
2186440,9,0.982269,0.968567
2188766,9,0.968567,0.951019
2191092,9,0.951019,0.929749
2193418,9,0.929749,0.904785
2195744,9,0.904785,0.876282
2198070,9,0.876282,0.844299
2200396,9,0.844299,0.808990
2202722,9,0.808990,0.770477
2205048,9,0.770477,0.728943
2207374,9,0.728943,0.684540
2209700,9,0.684540,0.637390
2212026,9,0.637390,0.587769
2214352,9,0.587769,0.535797
2216678,9,0.535797,0.481750
2219004,9,0.481750,0.425781
2221330,9,0.425781,0.368103
2223656,9,0.368103,0.309021
2225982,9,0.309021,0.248688
2228308,9,0.248688,0.187378
2230634,9,0.187378,0.125336
2232960,9,0.125336,0.062775
2235286,9,0.062775,0.000000
2237612,9,0.000000,-0.062775
2239938,9,-0.062775,-0.125336
2242264,9,-0.125336,-0.187378
2244590,9,-0.187378,-0.248688
2246916,9,-0.248688,-0.309021
2249242,9,-0.309021,-0.368103
2251568,9,-0.368103,-0.425781
2253894,9,-0.425781,-0.481750
2256220,9,-0.481750,-0.535797
2258546,9,-0.535797,-0.587769
2260872,9,-0.587769,-0.637390
2263198,9,-0.637390,-0.684540
2265524,9,-0.684540,-0.728943
2267850,9,-0.728943,-0.770477
2270176,9,-0.770477,-0.808990
2272502,9,-0.808990,-0.844299
2274828,9,-0.844299,-0.876282
2277154,9,-0.876282,-0.904785
2279480,9,-0.904785,-0.929749
2281806,9,-0.929749,-0.951019
2284132,9,-0.951019,-0.968567
2286458,9,-0.968567,-0.982269
2288784,9,-0.982269,-0.992096
2291110,9,-0.992096,-0.997986
2293436,9,-0.997986,-0.999969
2295762,9,-0.999969,-0.997986
2298088,9,-0.997986,-0.992096
2300414,9,-0.992096,-0.982269
2302740,9,-0.982269,-0.968567
2305066,9,-0.968567,-0.951019
2307392,9,-0.951019,-0.929749
2309718,9,-0.929749,-0.904785
2312044,9,-0.904785,-0.876282
2314370,9,-0.876282,-0.844299
2316696,9,-0.844299,-0.808990
2319022,9,-0.808990,-0.770477
2321348,9,-0.770477,-0.728943
2323674,9,-0.728943,-0.684540
2326000,9,-0.684540,-0.637390
2328326,9,-0.637390,-0.587769
2330652,9,-0.587769,-0.535797
2332978,9,-0.535797,-0.481750
2335304,9,-0.481750,-0.425781
2337630,9,-0.425781,-0.368103
2339956,9,-0.368103,-0.309021
2342282,9,-0.309021,-0.248688
2344608,9,-0.248688,-0.187378
2346934,9,-0.187378,-0.125336
2349260,10,0.000000,-0.062775
2351586,10,0.000000,0.000000
2353912,10,0.000000,0.062775
2356238,10,0.062775,0.125336
2358564,10,0.125336,0.187378
2360890,10,0.187378,0.248688
2363216,10,0.248688,0.309021
2365542,10,0.309021,0.368103
2367868,10,0.368103,0.425781
2370194,10,0.425781,0.481750
2372520,10,0.481750,0.535797
2374846,10,0.535797,0.587769
2377172,10,0.587769,0.637390
2379498,10,0.637390,0.684540
2381824,10,0.684540,0.728943
2384150,10,0.728943,0.770477
2386476,10,0.770477,0.808990
2388802,10,0.808990,0.844299
2391128,10,0.844299,0.876282
2393454,10,0.876282,0.904785
2395780,10,0.904785,0.929749
2398106,10,0.929749,0.951019
2400432,10,0.951019,0.968567
2402758,10,0.968567,0.982269
2405084,10,0.982269,0.992096
2407410,10,0.992096,0.997986
2409736,10,0.997986,0.999969
2412062,10,0.999969,0.997986
2414388,10,0.997986,0.992096
2416714,10,0.992096,0.982269
2419040,10,0.982269,0.968567
2421366,10,0.968567,0.951019
2423692,10,0.951019,0.929749
2426018,10,0.929749,0.904785
2428344,10,0.904785,0.876282
2430670,10,0.876282,0.844299
2432996,10,0.844299,0.808990
2435322,10,0.808990,0.770477
2437648,10,0.770477,0.728943
2439974,10,0.728943,0.684540
2442300,10,0.684540,0.637390
2444626,10,0.637390,0.587769
2446952,10,0.587769,0.535797
2449278,10,0.535797,0.481750
2451604,10,0.481750,0.425781
2453930,10,0.425781,0.368103
2456256,10,0.368103,0.309021
2458582,10,0.309021,0.248688
2460908,10,0.248688,0.187378
2463234,10,0.187378,0.125336
2465560,10,0.125336,0.062775
2467886,10,0.062775,0.000000
2470212,10,0.000000,-0.062775
2472538,10,-0.062775,-0.125336
2474864,10,-0.125336,-0.187378
2477190,10,-0.187378,-0.248688
2479516,10,-0.248688,-0.309021
2481842,10,-0.309021,-0.368103
2484168,10,-0.368103,-0.425781
2486494,10,-0.425781,-0.481750
2488820,10,-0.481750,-0.535797
2491146,10,-0.535797,-0.587769
2493472,10,-0.587769,-0.637390
2495798,10,-0.637390,-0.684540
2498124,10,-0.684540,-0.728943
2500450,10,-0.728943,-0.770477
2502776,10,-0.770477,-0.808990
2505102,10,-0.808990,-0.844299
2507428,10,-0.844299,-0.876282
2509754,10,-0.876282,-0.904785
2512080,10,-0.904785,-0.929749
2514406,10,-0.929749,-0.951019
2516732,10,-0.951019,-0.968567
2519058,10,-0.968567,-0.982269
2521384,10,-0.982269,-0.992096
2523710,10,-0.992096,-0.997986
2526036,10,-0.997986,-0.999969
2528362,10,-0.999969,-0.997986
2530688,10,-0.997986,-0.992096
2533014,10,-0.992096,-0.982269
2535340,10,-0.982269,-0.968567
2537666,10,-0.968567,-0.951019
2539992,10,-0.951019,-0.929749
2542318,10,-0.929749,-0.904785
2544644,10,-0.904785,-0.876282
2546970,10,-0.876282,-0.844299
2549296,10,-0.844299,-0.808990
2551622,10,-0.808990,-0.770477
2553948,10,-0.770477,-0.728943
2556274,10,-0.728943,-0.684540
2558600,10,-0.684540,-0.637390
2560926,10,-0.637390,-0.587769
2563252,10,-0.587769,-0.535797
2565578,10,-0.535797,-0.481750
2567904,10,-0.481750,-0.425781
2570230,10,-0.425781,-0.368103
2572556,10,-0.368103,-0.309021
2574882,10,-0.309021,-0.248688
2577208,10,-0.248688,-0.187378
2579534,10,-0.187378,-0.125336
2581860,11,0.000000,-0.062775
2584186,11,0.000000,0.000000
2586512,11,0.000000,0.062775
2588838,11,0.062775,0.125336
2591164,11,0.125336,0.187378
2593490,11,0.187378,0.248688
2595816,11,0.248688,0.309021
2598142,11,0.309021,0.368103
2600468,11,0.368103,0.425781
2602794,11,0.425781,0.481750
2605120,11,0.481750,0.535797
2607446,11,0.535797,0.587769
2609772,11,0.587769,0.637390
2612098,11,0.637390,0.684540
2614424,11,0.684540,0.728943
2616750,11,0.728943,0.770477
2619076,11,0.770477,0.808990
2621402,11,0.808990,0.844299
2623728,11,0.844299,0.876282
2626054,11,0.876282,0.904785
2628380,11,0.904785,0.929749
2630706,11,0.929749,0.951019
2633032,11,0.951019,0.968567
2635358,11,0.968567,0.982269
2637684,11,0.982269,0.992096
2640010,11,0.992096,0.997986
2642336,11,0.997986,0.999969
2644662,11,0.999969,0.997986
2646988,11,0.997986,0.992096
2649314,11,0.992096,0.982269
2651640,11,0.982269,0.968567
2653966,11,0.968567,0.951019
2656292,11,0.951019,0.929749
2658618,11,0.929749,0.904785
2660944,11,0.904785,0.876282
2663270,11,0.876282,0.844299
2665596,11,0.844299,0.808990
2667922,11,0.808990,0.770477
2670248,11,0.770477,0.728943
2672574,11,0.728943,0.684540
2674900,11,0.684540,0.637390
2677226,11,0.637390,0.587769
2679552,11,0.587769,0.535797
2681878,11,0.535797,0.481750
2684204,11,0.481750,0.425781
2686530,11,0.425781,0.368103
2688856,11,0.368103,0.309021
2691182,11,0.309021,0.248688
2693508,11,0.248688,0.187378
2695834,11,0.187378,0.125336
2698160,11,0.125336,0.062775
2700486,11,0.062775,0.000000
2702812,11,0.000000,-0.062775
2705138,11,-0.062775,-0.125336
2707464,11,-0.125336,-0.187378
2709790,11,-0.187378,-0.248688
2712116,11,-0.248688,-0.309021
2714442,11,-0.309021,-0.368103
2716768,11,-0.368103,-0.425781
2719094,11,-0.425781,-0.481750
2721420,11,-0.481750,-0.535797
2723746,11,-0.535797,-0.587769
2726072,11,-0.587769,-0.637390
2728398,11,-0.637390,-0.684540
2730724,11,-0.684540,-0.728943
2733050,11,-0.728943,-0.770477
2735376,11,-0.770477,-0.808990
2737702,11,-0.808990,-0.844299
2740028,11,-0.844299,-0.876282
2742354,11,-0.876282,-0.904785
2744680,11,-0.904785,-0.929749
2747006,11,-0.929749,-0.951019
2749332,11,-0.951019,-0.968567
2751658,11,-0.968567,-0.982269
2753984,11,-0.982269,-0.992096
2756310,11,-0.992096,-0.997986
2758636,11,-0.997986,-0.999969
2760962,11,-0.999969,-0.997986
2763288,11,-0.997986,-0.992096
2765614,11,-0.992096,-0.982269
2767940,11,-0.982269,-0.968567
2770266,11,-0.968567,-0.951019
2772592,11,-0.951019,-0.929749
2774918,11,-0.929749,-0.904785
2777244,11,-0.904785,-0.876282
2779570,11,-0.876282,-0.844299
2781896,11,-0.844299,-0.808990
2784222,11,-0.808990,-0.770477
2786548,11,-0.770477,-0.728943
2788874,11,-0.728943,-0.684540
2791200,11,-0.684540,-0.637390
2793526,11,-0.637390,-0.587769
2795852,11,-0.587769,-0.535797
2798178,11,-0.535797,-0.481750
2800504,11,-0.481750,-0.425781
2802830,11,-0.425781,-0.368103
2805156,11,-0.368103,-0.309021
2807482,11,-0.309021,-0.248688
2809808,11,-0.248688,-0.187378
2812134,11,-0.187378,-0.125336
2814460,12,0.000000,-0.062775
2816786,12,0.000000,0.000000
2819112,12,0.000000,0.062775
2821438,12,0.062775,0.125336
2823764,12,0.125336,0.187378
2826090,12,0.187378,0.248688
2828416,12,0.248688,0.309021
2830742,12,0.309021,0.368103
2833068,12,0.368103,0.425781
2835394,12,0.425781,0.481750
2837720,12,0.481750,0.535797
2840046,12,0.535797,0.587769
2842372,12,0.587769,0.637390
2844698,12,0.637390,0.684540
2847024,12,0.684540,0.728943
2849350,12,0.728943,0.770477
2851676,12,0.770477,0.808990
2854002,12,0.808990,0.844299
2856328,12,0.844299,0.876282
2858654,12,0.876282,0.904785
2860980,12,0.904785,0.929749
2863306,12,0.929749,0.951019
2865632,12,0.951019,0.968567
2867958,12,0.968567,0.982269
2870284,12,0.982269,0.992096
2872610,12,0.992096,0.997986
2874936,12,0.997986,0.999969
2877262,12,0.999969,0.997986
2879588,12,0.997986,0.992096
2881914,12,0.992096,0.982269
2884240,12,0.982269,0.968567
2886566,12,0.968567,0.951019
2888892,12,0.951019,0.929749
2891218,12,0.929749,0.904785
2893544,12,0.904785,0.876282
2895870,12,0.876282,0.844299
2898196,12,0.844299,0.808990
2900522,12,0.808990,0.770477
2902848,12,0.770477,0.728943
2905174,12,0.728943,0.684540
2907500,12,0.684540,0.637390
2909826,12,0.637390,0.587769
2912152,12,0.587769,0.535797
2914478,12,0.535797,0.481750
2916804,12,0.481750,0.425781
2919130,12,0.425781,0.368103
2921456,12,0.368103,0.309021
2923782,12,0.309021,0.248688
2926108,12,0.248688,0.187378
2928434,12,0.187378,0.125336
2930760,12,0.125336,0.062775
2933086,12,0.062775,0.000000
2935412,12,0.000000,-0.062775
2937738,12,-0.062775,-0.125336
2940064,12,-0.125336,-0.187378
2942390,12,-0.187378,-0.248688
2944716,12,-0.248688,-0.309021
2947042,12,-0.309021,-0.368103
2949368,12,-0.368103,-0.425781
2951694,12,-0.425781,-0.481750
2954020,12,-0.481750,-0.535797
2956346,12,-0.535797,-0.587769
2958672,12,-0.587769,-0.637390
2960998,12,-0.637390,-0.684540
2963324,12,-0.684540,-0.728943
2965650,12,-0.728943,-0.770477
2967976,12,-0.770477,-0.808990
2970302,12,-0.808990,-0.844299
2972628,12,-0.844299,-0.876282
2974954,12,-0.876282,-0.904785
2977280,12,-0.904785,-0.929749
2979606,12,-0.929749,-0.951019
2981932,12,-0.951019,-0.968567
2984258,12,-0.968567,-0.982269
2986584,12,-0.982269,-0.992096
2988910,12,-0.992096,-0.997986
2991236,12,-0.997986,-0.999969
2993562,12,-0.999969,-0.997986
2995888,12,-0.997986,-0.992096
2998214,12,-0.992096,-0.982269
3000540,12,-0.982269,-0.968567
3002866,12,-0.968567,-0.951019
3005192,12,-0.951019,-0.929749
3007518,12,-0.929749,-0.904785
3009844,12,-0.904785,-0.876282
3012170,12,-0.876282,-0.844299
3014496,12,-0.844299,-0.808990
3016822,12,-0.808990,-0.770477
3019148,12,-0.770477,-0.728943
3021474,12,-0.728943,-0.684540
3023800,12,-0.684540,-0.637390
3026126,12,-0.637390,-0.587769
3028452,12,-0.587769,-0.535797
3030778,12,-0.535797,-0.481750
3033104,12,-0.481750,-0.425781
3035430,12,-0.425781,-0.368103
3037756,12,-0.368103,-0.309021
3040082,12,-0.309021,-0.248688
3042408,12,-0.248688,-0.187378
3044734,12,-0.187378,-0.125336
3047060,13,0.000000,-0.062775
3049386,13,0.000000,0.000000
3051712,13,0.000000,0.062775
3054038,13,0.062775,0.125336
3056364,13,0.125336,0.187378
3058690,13,0.187378,0.248688
3061016,13,0.248688,0.309021
3063342,13,0.309021,0.368103
3065668,13,0.368103,0.425781
3067994,13,0.425781,0.481750
3070320,13,0.481750,0.535797
3072646,13,0.535797,0.587769
3074972,13,0.587769,0.637390
3077298,13,0.637390,0.684540
3079624,13,0.684540,0.728943
3081950,13,0.728943,0.770477
3084276,13,0.770477,0.808990
3086602,13,0.808990,0.844299
3088928,13,0.844299,0.876282
3091254,13,0.876282,0.904785
3093580,13,0.904785,0.929749
3095906,13,0.929749,0.951019
3098232,13,0.951019,0.968567
3100558,13,0.968567,0.982269
3102884,13,0.982269,0.992096
3105210,13,0.992096,0.997986
3107536,13,0.997986,0.999969
3109862,13,0.999969,0.997986
3112188,13,0.997986,0.992096
3114514,13,0.992096,0.982269
3116840,13,0.982269,0.968567
3119166,13,0.968567,0.951019
3121492,13,0.951019,0.929749
3123818,13,0.929749,0.904785
3126144,13,0.904785,0.876282
3128470,13,0.876282,0.844299
3130796,13,0.844299,0.808990
3133122,13,0.808990,0.770477
3135448,13,0.770477,0.728943
3137774,13,0.728943,0.684540
3140100,13,0.684540,0.637390
3142426,13,0.637390,0.587769
3144752,13,0.587769,0.535797
3147078,13,0.535797,0.481750
3149404,13,0.481750,0.425781
3151730,13,0.425781,0.368103
3154056,13,0.368103,0.309021
3156382,13,0.309021,0.248688
3158708,13,0.248688,0.187378
3161034,13,0.187378,0.125336
3163360,13,0.125336,0.062775
3165686,13,0.062775,0.000000
3168012,13,0.000000,-0.062775
3170338,13,-0.062775,-0.125336
3172664,13,-0.125336,-0.187378
3174990,13,-0.187378,-0.248688
3177316,13,-0.248688,-0.309021
3179642,13,-0.309021,-0.368103
3181968,13,-0.368103,-0.425781
3184294,13,-0.425781,-0.481750
3186620,13,-0.481750,-0.535797
3188946,13,-0.535797,-0.587769
3191272,13,-0.587769,-0.637390
3193598,13,-0.637390,-0.684540
3195924,13,-0.684540,-0.728943
3198250,13,-0.728943,-0.770477
3200576,13,-0.770477,-0.808990
3202902,13,-0.808990,-0.844299
3205228,13,-0.844299,-0.876282
3207554,13,-0.876282,-0.904785
3209880,13,-0.904785,-0.929749
3212206,13,-0.929749,-0.951019
3214532,13,-0.951019,-0.968567
3216858,13,-0.968567,-0.982269
3219184,13,-0.982269,-0.992096
3221510,13,-0.992096,-0.997986
3223836,13,-0.997986,-0.999969
3226162,13,-0.999969,-0.997986
3228488,13,-0.997986,-0.992096
3230814,13,-0.992096,-0.982269
3233140,13,-0.982269,-0.968567
3235466,13,-0.968567,-0.951019
3237792,13,-0.951019,-0.929749
3240118,13,-0.929749,-0.904785
3242444,13,-0.904785,-0.876282
3244770,13,-0.876282,-0.844299
3247096,13,-0.844299,-0.808990
3249422,13,-0.808990,-0.770477
3251748,13,-0.770477,-0.728943
3254074,13,-0.728943,-0.684540
3256400,13,-0.684540,-0.637390
3258726,13,-0.637390,-0.587769
3261052,13,-0.587769,-0.535797
3263378,13,-0.535797,-0.481750
3265704,13,-0.481750,-0.425781
3268030,13,-0.425781,-0.368103
3270356,13,-0.368103,-0.309021
3272682,13,-0.309021,-0.248688
3275008,13,-0.248688,-0.187378
3277334,13,-0.187378,-0.125336
3279660,14,0.000000,-0.062775
3281986,14,0.000000,0.000000
3284312,14,0.000000,0.062775
3286638,14,0.062775,0.125336
3288964,14,0.125336,0.187378
3291290,14,0.187378,0.248688
3293616,14,0.248688,0.309021
3295942,14,0.309021,0.368103
3298268,14,0.368103,0.425781
3300594,14,0.425781,0.481750
3302920,14,0.481750,0.535797
3305246,14,0.535797,0.587769
3307572,14,0.587769,0.637390
3309898,14,0.637390,0.684540
3312224,14,0.684540,0.728943
3314550,14,0.728943,0.770477
3316876,14,0.770477,0.808990
3319202,14,0.808990,0.844299
3321528,14,0.844299,0.876282
3323854,14,0.876282,0.904785
3326180,14,0.904785,0.929749
3328506,14,0.929749,0.951019
3330832,14,0.951019,0.968567
3333158,14,0.968567,0.982269
3335484,14,0.982269,0.992096
3337810,14,0.992096,0.997986
3340136,14,0.997986,0.999969
3342462,14,0.999969,0.997986
3344788,14,0.997986,0.992096
3347114,14,0.992096,0.982269
3349440,14,0.982269,0.968567
3351766,14,0.968567,0.951019
3354092,14,0.951019,0.929749
3356418,14,0.929749,0.904785
3358744,14,0.904785,0.876282
3361070,14,0.876282,0.844299
3363396,14,0.844299,0.808990
3365722,14,0.808990,0.770477
3368048,14,0.770477,0.728943
3370374,14,0.728943,0.684540
3372700,14,0.684540,0.637390
3375026,14,0.637390,0.587769
3377352,14,0.587769,0.535797
3379678,14,0.535797,0.481750
3382004,14,0.481750,0.425781
3384330,14,0.425781,0.368103
3386656,14,0.368103,0.309021
3388982,14,0.309021,0.248688
3391308,14,0.248688,0.187378
3393634,14,0.187378,0.125336
3395960,14,0.125336,0.062775
3398286,14,0.062775,0.000000
3400612,14,0.000000,-0.062775
3402938,14,-0.062775,-0.125336
3405264,14,-0.125336,-0.187378
3407590,14,-0.187378,-0.248688
3409916,14,-0.248688,-0.309021
3412242,14,-0.309021,-0.368103
3414568,14,-0.368103,-0.425781
3416894,14,-0.425781,-0.481750
3419220,14,-0.481750,-0.535797
3421546,14,-0.535797,-0.587769
3423872,14,-0.587769,-0.637390
3426198,14,-0.637390,-0.684540
3428524,14,-0.684540,-0.728943
3430850,14,-0.728943,-0.770477
3433176,14,-0.770477,-0.808990
3435502,14,-0.808990,-0.844299
3437828,14,-0.844299,-0.876282
3440154,14,-0.876282,-0.904785
3442480,14,-0.904785,-0.929749
3444806,14,-0.929749,-0.951019
3447132,14,-0.951019,-0.968567
3449458,14,-0.968567,-0.982269
3451784,14,-0.982269,-0.992096
3454110,14,-0.992096,-0.997986
3456436,14,-0.997986,-0.999969
3458762,14,-0.999969,-0.997986
3461088,14,-0.997986,-0.992096
3463414,14,-0.992096,-0.982269
3465740,14,-0.982269,-0.968567
3468066,14,-0.968567,-0.951019
3470392,14,-0.951019,-0.929749
3472718,14,-0.929749,-0.904785
3475044,14,-0.904785,-0.876282
3477370,14,-0.876282,-0.844299
3479696,14,-0.844299,-0.808990
3482022,14,-0.808990,-0.770477
3484348,14,-0.770477,-0.728943
3486674,14,-0.728943,-0.684540
3489000,14,-0.684540,-0.637390
3491326,14,-0.637390,-0.587769
3493652,14,-0.587769,-0.535797
3495978,14,-0.535797,-0.481750
3498304,14,-0.481750,-0.425781
3500630,14,-0.425781,-0.368103
3502956,14,-0.368103,-0.309021
3505282,14,-0.309021,-0.248688
3507608,14,-0.248688,-0.187378
3509934,14,-0.187378,-0.125336
3512260,15,0.000000,-0.062775
3514586,15,0.000000,0.000000
3516912,15,0.000000,0.062775
3519238,15,0.062775,0.125336
3521564,15,0.125336,0.187378
3523890,15,0.187378,0.248688
3526216,15,0.248688,0.309021
3528542,15,0.309021,0.368103
3530868,15,0.368103,0.425781
3533194,15,0.425781,0.481750
3535520,15,0.481750,0.535797
3537846,15,0.535797,0.587769
3540172,15,0.587769,0.637390
3542498,15,0.637390,0.684540
3544824,15,0.684540,0.728943
3547150,15,0.728943,0.770477
3549476,15,0.770477,0.808990
3551802,15,0.808990,0.844299
3554128,15,0.844299,0.876282
3556454,15,0.876282,0.904785
3558780,15,0.904785,0.929749
3561106,15,0.929749,0.951019
3563432,15,0.951019,0.968567
3565758,15,0.968567,0.982269
3568084,15,0.982269,0.992096
3570410,15,0.992096,0.997986
3572736,15,0.997986,0.999969
3575062,15,0.999969,0.997986
3577388,15,0.997986,0.992096
3579714,15,0.992096,0.982269
3582040,15,0.982269,0.968567
3584366,15,0.968567,0.951019
3586692,15,0.951019,0.929749
3589018,15,0.929749,0.904785
3591344,15,0.904785,0.876282
3593670,15,0.876282,0.844299
3595996,15,0.844299,0.808990
3598322,15,0.808990,0.770477
3600648,15,0.770477,0.728943
3602974,15,0.728943,0.684540
3605300,15,0.684540,0.637390
3607626,15,0.637390,0.587769
3609952,15,0.587769,0.535797
3612278,15,0.535797,0.481750
3614604,15,0.481750,0.425781
3616930,15,0.425781,0.368103
3619256,15,0.368103,0.309021
3621582,15,0.309021,0.248688
3623908,15,0.248688,0.187378
3626234,15,0.187378,0.125336
3628560,15,0.125336,0.062775
3630886,15,0.062775,0.000000
3633212,15,0.000000,-0.062775
3635538,15,-0.062775,-0.125336
3637864,15,-0.125336,-0.187378
3640190,15,-0.187378,-0.248688
3642516,15,-0.248688,-0.309021
3644842,15,-0.309021,-0.368103
3647168,15,-0.368103,-0.425781
3649494,15,-0.425781,-0.481750
3651820,15,-0.481750,-0.535797
3654146,15,-0.535797,-0.587769
3656472,15,-0.587769,-0.637390
3658798,15,-0.637390,-0.684540
3661124,15,-0.684540,-0.728943
3663450,15,-0.728943,-0.770477
3665776,15,-0.770477,-0.808990
3668102,15,-0.808990,-0.844299
3670428,15,-0.844299,-0.876282
3672754,15,-0.876282,-0.904785
3675080,15,-0.904785,-0.929749
3677406,15,-0.929749,-0.951019
3679732,15,-0.951019,-0.968567
3682058,15,-0.968567,-0.982269
3684384,15,-0.982269,-0.992096
3686710,15,-0.992096,-0.997986
3689036,15,-0.997986,-0.999969
3691362,15,-0.999969,-0.997986
3693688,15,-0.997986,-0.992096
3696014,15,-0.992096,-0.982269
3698340,15,-0.982269,-0.968567
3700666,15,-0.968567,-0.951019
3702992,15,-0.951019,-0.929749
3705318,15,-0.929749,-0.904785
3707644,15,-0.904785,-0.876282
3709970,15,-0.876282,-0.844299
3712296,15,-0.844299,-0.808990
3714622,15,-0.808990,-0.770477
3716948,15,-0.770477,-0.728943
3719274,15,-0.728943,-0.684540
3721600,15,-0.684540,-0.637390
3723926,15,-0.637390,-0.587769
3726252,15,-0.587769,-0.535797
3728578,15,-0.535797,-0.481750
3730904,15,-0.481750,-0.425781
3733230,15,-0.425781,-0.368103
3735556,15,-0.368103,-0.309021
3737882,15,-0.309021,-0.248688
3740208,15,-0.248688,-0.187378
