time_ps,channel_j,data_16bit_dec,expected_out
20000,0,0,0.0
22325,0,2057,0.062774658203125
24650,0,4106,0.12530517578125
26975,0,6139,0.187347412109375
29300,0,8148,0.2486572265625
31625,0,10125,0.308990478515625
33950,0,12062,0.36810302734375
36275,0,13951,0.425750732421875
38600,0,15785,0.481719970703125
40925,0,17557,0.535797119140625
43250,0,19259,0.587738037109375
45575,0,20886,0.63739013671875
47900,0,22430,0.68450927734375
50225,0,23886,0.72894287109375
52550,0,25247,0.770477294921875
54875,0,26509,0.808990478515625
57200,0,27666,0.84429931640625
59525,0,28713,0.876251220703125
61850,0,29648,0.90478515625
64175,0,30465,0.929718017578125
66500,0,31163,0.951019287109375
68825,0,31737,0.968536376953125
71150,0,32186,0.98223876953125
73475,0,32508,0.9920654296875
75800,0,32702,0.99798583984375
78125,0,32767,0.999969482421875
80450,0,32702,0.99798583984375
82775,0,32508,0.9920654296875
85100,0,32186,0.98223876953125
87425,0,31737,0.968536376953125
89750,0,31163,0.951019287109375
92075,0,30465,0.929718017578125
94400,0,29648,0.90478515625
96725,0,28713,0.876251220703125
99050,0,27666,0.84429931640625
101375,0,26509,0.808990478515625
103700,0,25247,0.770477294921875
106025,0,23886,0.72894287109375
108350,0,22430,0.68450927734375
110675,0,20886,0.63739013671875
113000,0,19259,0.587738037109375
115325,0,17557,0.535797119140625
117650,0,15785,0.481719970703125
119975,0,13951,0.425750732421875
122300,0,12062,0.36810302734375
124625,0,10125,0.308990478515625
126950,0,8148,0.2486572265625
129275,0,6139,0.187347412109375
131600,0,4106,0.12530517578125
133925,0,2057,0.062774658203125
136250,0,0,0.0
138575,0,-2057,-0.062774658203125
140900,0,-4106,-0.12530517578125
143225,0,-6139,-0.187347412109375
145550,0,-8148,-0.2486572265625
147875,0,-10125,-0.308990478515625
150200,0,-12062,-0.36810302734375
152525,0,-13951,-0.425750732421875
154850,0,-15785,-0.481719970703125
157175,0,-17557,-0.535797119140625
159500,0,-19259,-0.587738037109375
161825,0,-20886,-0.63739013671875
164150,0,-22430,-0.68450927734375
166475,0,-23886,-0.72894287109375
168800,0,-25247,-0.770477294921875
171125,0,-26509,-0.808990478515625
173450,0,-27666,-0.84429931640625
175775,0,-28713,-0.876251220703125
178100,0,-29648,-0.90478515625
180425,0,-30465,-0.929718017578125
182750,0,-31163,-0.951019287109375
185075,0,-31737,-0.968536376953125
187400,0,-32186,-0.98223876953125
189725,0,-32508,-0.9920654296875
192050,0,-32702,-0.99798583984375
194375,0,-32767,-0.999969482421875
196700,0,-32702,-0.99798583984375
199025,0,-32508,-0.9920654296875
201350,0,-32186,-0.98223876953125
203675,0,-31737,-0.968536376953125
206000,0,-31163,-0.951019287109375
208325,0,-30465,-0.929718017578125
210650,0,-29648,-0.90478515625
212975,0,-28713,-0.876251220703125
215300,0,-27666,-0.84429931640625
217625,0,-26509,-0.808990478515625
219950,0,-25247,-0.770477294921875
222275,0,-23886,-0.72894287109375
224600,0,-22430,-0.68450927734375
226925,0,-20886,-0.63739013671875
229250,0,-19259,-0.587738037109375
231575,0,-17557,-0.535797119140625
233900,0,-15785,-0.481719970703125
236225,0,-13951,-0.425750732421875
238550,0,-12062,-0.36810302734375
240875,0,-10125,-0.308990478515625
243200,0,-8148,-0.2486572265625
245525,0,-6139,-0.187347412109375
247850,0,-4106,-0.12530517578125
250175,0,-2057,-0.062774658203125
252500,1,0,0.0
254825,1,2057,0.062774658203125
257150,1,4106,0.12530517578125
259475,1,6139,0.187347412109375
261800,1,8148,0.2486572265625
264125,1,10125,0.308990478515625
266450,1,12062,0.36810302734375
268775,1,13951,0.425750732421875
271100,1,15785,0.481719970703125
273425,1,17557,0.535797119140625
275750,1,19259,0.587738037109375
278075,1,20886,0.63739013671875
280400,1,22430,0.68450927734375
282725,1,23886,0.72894287109375
285050,1,25247,0.770477294921875
287375,1,26509,0.808990478515625
289700,1,27666,0.84429931640625
292025,1,28713,0.876251220703125
294350,1,29648,0.90478515625
296675,1,30465,0.929718017578125
299000,1,31163,0.951019287109375
301325,1,31737,0.968536376953125
303650,1,32186,0.98223876953125
305975,1,32508,0.9920654296875
308300,1,32702,0.99798583984375
310625,1,32767,0.999969482421875
312950,1,32702,0.99798583984375
315275,1,32508,0.9920654296875
317600,1,32186,0.98223876953125
319925,1,31737,0.968536376953125
322250,1,31163,0.951019287109375
324575,1,30465,0.929718017578125
326900,1,29648,0.90478515625
329225,1,28713,0.876251220703125
331550,1,27666,0.84429931640625
333875,1,26509,0.808990478515625
336200,1,25247,0.770477294921875
338525,1,23886,0.72894287109375
340850,1,22430,0.68450927734375
343175,1,20886,0.63739013671875
345500,1,19259,0.587738037109375
347825,1,17557,0.535797119140625
350150,1,15785,0.481719970703125
352475,1,13951,0.425750732421875
354800,1,12062,0.36810302734375
357125,1,10125,0.308990478515625
359450,1,8148,0.2486572265625
361775,1,6139,0.187347412109375
364100,1,4106,0.12530517578125
366425,1,2057,0.062774658203125
368750,1,0,0.0
371075,1,-2057,-0.062774658203125
373400,1,-4106,-0.12530517578125
375725,1,-6139,-0.187347412109375
378050,1,-8148,-0.2486572265625
380375,1,-10125,-0.308990478515625
382700,1,-12062,-0.36810302734375
385025,1,-13951,-0.425750732421875
387350,1,-15785,-0.481719970703125
389675,1,-17557,-0.535797119140625
392000,1,-19259,-0.587738037109375
394325,1,-20886,-0.63739013671875
396650,1,-22430,-0.68450927734375
398975,1,-23886,-0.72894287109375
401300,1,-25247,-0.770477294921875
403625,1,-26509,-0.808990478515625
405950,1,-27666,-0.84429931640625
408275,1,-28713,-0.876251220703125
410600,1,-29648,-0.90478515625
412925,1,-30465,-0.929718017578125
415250,1,-31163,-0.951019287109375
417575,1,-31737,-0.968536376953125
419900,1,-32186,-0.98223876953125
422225,1,-32508,-0.9920654296875
424550,1,-32702,-0.99798583984375
426875,1,-32767,-0.999969482421875
429200,1,-32702,-0.99798583984375
431525,1,-32508,-0.9920654296875
433850,1,-32186,-0.98223876953125
436175,1,-31737,-0.968536376953125
438500,1,-31163,-0.951019287109375
440825,1,-30465,-0.929718017578125
443150,1,-29648,-0.90478515625
445475,1,-28713,-0.876251220703125
447800,1,-27666,-0.84429931640625
450125,1,-26509,-0.808990478515625
452450,1,-25247,-0.770477294921875
454775,1,-23886,-0.72894287109375
457100,1,-22430,-0.68450927734375
459425,1,-20886,-0.63739013671875
461750,1,-19259,-0.587738037109375
464075,1,-17557,-0.535797119140625
466400,1,-15785,-0.481719970703125
468725,1,-13951,-0.425750732421875
471050,1,-12062,-0.36810302734375
473375,1,-10125,-0.308990478515625
475700,1,-8148,-0.2486572265625
478025,1,-6139,-0.187347412109375
480350,1,-4106,-0.12530517578125
482675,1,-2057,-0.062774658203125
485000,2,0,0.0
487325,2,2057,0.062774658203125
489650,2,4106,0.12530517578125
491975,2,6139,0.187347412109375
494300,2,8148,0.2486572265625
496625,2,10125,0.308990478515625
498950,2,12062,0.36810302734375
501275,2,13951,0.425750732421875
503600,2,15785,0.481719970703125
505925,2,17557,0.535797119140625
508250,2,19259,0.587738037109375
510575,2,20886,0.63739013671875
512900,2,22430,0.68450927734375
515225,2,23886,0.72894287109375
517550,2,25247,0.770477294921875
519875,2,26509,0.808990478515625
522200,2,27666,0.84429931640625
524525,2,28713,0.876251220703125
526850,2,29648,0.90478515625
529175,2,30465,0.929718017578125
531500,2,31163,0.951019287109375
533825,2,31737,0.968536376953125
536150,2,32186,0.98223876953125
538475,2,32508,0.9920654296875
540800,2,32702,0.99798583984375
543125,2,32767,0.999969482421875
545450,2,32702,0.99798583984375
547775,2,32508,0.9920654296875
550100,2,32186,0.98223876953125
552425,2,31737,0.968536376953125
554750,2,31163,0.951019287109375
557075,2,30465,0.929718017578125
559400,2,29648,0.90478515625
561725,2,28713,0.876251220703125
564050,2,27666,0.84429931640625
566375,2,26509,0.808990478515625
568700,2,25247,0.770477294921875
571025,2,23886,0.72894287109375
573350,2,22430,0.68450927734375
575675,2,20886,0.63739013671875
578000,2,19259,0.587738037109375
580325,2,17557,0.535797119140625
582650,2,15785,0.481719970703125
584975,2,13951,0.425750732421875
587300,2,12062,0.36810302734375
589625,2,10125,0.308990478515625
591950,2,8148,0.2486572265625
594275,2,6139,0.187347412109375
596600,2,4106,0.12530517578125
598925,2,2057,0.062774658203125
601250,2,0,0.0
603575,2,-2057,-0.062774658203125
605900,2,-4106,-0.12530517578125
608225,2,-6139,-0.187347412109375
610550,2,-8148,-0.2486572265625
612875,2,-10125,-0.308990478515625
615200,2,-12062,-0.36810302734375
617525,2,-13951,-0.425750732421875
619850,2,-15785,-0.481719970703125
622175,2,-17557,-0.535797119140625
624500,2,-19259,-0.587738037109375
626825,2,-20886,-0.63739013671875
629150,2,-22430,-0.68450927734375
631475,2,-23886,-0.72894287109375
633800,2,-25247,-0.770477294921875
636125,2,-26509,-0.808990478515625
638450,2,-27666,-0.84429931640625
640775,2,-28713,-0.876251220703125
643100,2,-29648,-0.90478515625
645425,2,-30465,-0.929718017578125
647750,2,-31163,-0.951019287109375
650075,2,-31737,-0.968536376953125
652400,2,-32186,-0.98223876953125
654725,2,-32508,-0.9920654296875
657050,2,-32702,-0.99798583984375
659375,2,-32767,-0.999969482421875
661700,2,-32702,-0.99798583984375
664025,2,-32508,-0.9920654296875
666350,2,-32186,-0.98223876953125
668675,2,-31737,-0.968536376953125
671000,2,-31163,-0.951019287109375
673325,2,-30465,-0.929718017578125
675650,2,-29648,-0.90478515625
677975,2,-28713,-0.876251220703125
680300,2,-27666,-0.84429931640625
682625,2,-26509,-0.808990478515625
684950,2,-25247,-0.770477294921875
687275,2,-23886,-0.72894287109375
689600,2,-22430,-0.68450927734375
691925,2,-20886,-0.63739013671875
694250,2,-19259,-0.587738037109375
696575,2,-17557,-0.535797119140625
698900,2,-15785,-0.481719970703125
701225,2,-13951,-0.425750732421875
703550,2,-12062,-0.36810302734375
705875,2,-10125,-0.308990478515625
708200,2,-8148,-0.2486572265625
710525,2,-6139,-0.187347412109375
712850,2,-4106,-0.12530517578125
715175,2,-2057,-0.062774658203125
717500,3,0,0.0
719825,3,2057,0.062774658203125
722150,3,4106,0.12530517578125
724475,3,6139,0.187347412109375
726800,3,8148,0.2486572265625
729125,3,10125,0.308990478515625
731450,3,12062,0.36810302734375
733775,3,13951,0.425750732421875
736100,3,15785,0.481719970703125
738425,3,17557,0.535797119140625
740750,3,19259,0.587738037109375
743075,3,20886,0.63739013671875
745400,3,22430,0.68450927734375
747725,3,23886,0.72894287109375
750050,3,25247,0.770477294921875
752375,3,26509,0.808990478515625
754700,3,27666,0.84429931640625
757025,3,28713,0.876251220703125
759350,3,29648,0.90478515625
761675,3,30465,0.929718017578125
764000,3,31163,0.951019287109375
766325,3,31737,0.968536376953125
768650,3,32186,0.98223876953125
770975,3,32508,0.9920654296875
773300,3,32702,0.99798583984375
775625,3,32767,0.999969482421875
777950,3,32702,0.99798583984375
780275,3,32508,0.9920654296875
782600,3,32186,0.98223876953125
784925,3,31737,0.968536376953125
787250,3,31163,0.951019287109375
789575,3,30465,0.929718017578125
791900,3,29648,0.90478515625
794225,3,28713,0.876251220703125
796550,3,27666,0.84429931640625
798875,3,26509,0.808990478515625
801200,3,25247,0.770477294921875
803525,3,23886,0.72894287109375
805850,3,22430,0.68450927734375
808175,3,20886,0.63739013671875
810500,3,19259,0.587738037109375
812825,3,17557,0.535797119140625
815150,3,15785,0.481719970703125
817475,3,13951,0.425750732421875
819800,3,12062,0.36810302734375
822125,3,10125,0.308990478515625
824450,3,8148,0.2486572265625
826775,3,6139,0.187347412109375
829100,3,4106,0.12530517578125
831425,3,2057,0.062774658203125
833750,3,0,0.0
836075,3,-2057,-0.062774658203125
838400,3,-4106,-0.12530517578125
840725,3,-6139,-0.187347412109375
843050,3,-8148,-0.2486572265625
845375,3,-10125,-0.308990478515625
847700,3,-12062,-0.36810302734375
850025,3,-13951,-0.425750732421875
852350,3,-15785,-0.481719970703125
854675,3,-17557,-0.535797119140625
857000,3,-19259,-0.587738037109375
859325,3,-20886,-0.63739013671875
861650,3,-22430,-0.68450927734375
863975,3,-23886,-0.72894287109375
866300,3,-25247,-0.770477294921875
868625,3,-26509,-0.808990478515625
870950,3,-27666,-0.84429931640625
873275,3,-28713,-0.876251220703125
875600,3,-29648,-0.90478515625
877925,3,-30465,-0.929718017578125
880250,3,-31163,-0.951019287109375
882575,3,-31737,-0.968536376953125
884900,3,-32186,-0.98223876953125
887225,3,-32508,-0.9920654296875
889550,3,-32702,-0.99798583984375
891875,3,-32767,-0.999969482421875
894200,3,-32702,-0.99798583984375
896525,3,-32508,-0.9920654296875
898850,3,-32186,-0.98223876953125
901175,3,-31737,-0.968536376953125
903500,3,-31163,-0.951019287109375
905825,3,-30465,-0.929718017578125
908150,3,-29648,-0.90478515625
910475,3,-28713,-0.876251220703125
912800,3,-27666,-0.84429931640625
915125,3,-26509,-0.808990478515625
917450,3,-25247,-0.770477294921875
919775,3,-23886,-0.72894287109375
922100,3,-22430,-0.68450927734375
924425,3,-20886,-0.63739013671875
926750,3,-19259,-0.587738037109375
929075,3,-17557,-0.535797119140625
931400,3,-15785,-0.481719970703125
933725,3,-13951,-0.425750732421875
936050,3,-12062,-0.36810302734375
938375,3,-10125,-0.308990478515625
940700,3,-8148,-0.2486572265625
943025,3,-6139,-0.187347412109375
945350,3,-4106,-0.12530517578125
947675,3,-2057,-0.062774658203125
950000,4,0,0.0
952325,4,2057,0.062774658203125
954650,4,4106,0.12530517578125
956975,4,6139,0.187347412109375
959300,4,8148,0.2486572265625
961625,4,10125,0.308990478515625
963950,4,12062,0.36810302734375
966275,4,13951,0.425750732421875
968600,4,15785,0.481719970703125
970925,4,17557,0.535797119140625
973250,4,19259,0.587738037109375
975575,4,20886,0.63739013671875
977900,4,22430,0.68450927734375
980225,4,23886,0.72894287109375
982550,4,25247,0.770477294921875
984875,4,26509,0.808990478515625
987200,4,27666,0.84429931640625
989525,4,28713,0.876251220703125
991850,4,29648,0.90478515625
994175,4,30465,0.929718017578125
996500,4,31163,0.951019287109375
998825,4,31737,0.968536376953125
1001150,4,32186,0.98223876953125
1003475,4,32508,0.9920654296875
1005800,4,32702,0.99798583984375
1008125,4,32767,0.999969482421875
1010450,4,32702,0.99798583984375
1012775,4,32508,0.9920654296875
1015100,4,32186,0.98223876953125
1017425,4,31737,0.968536376953125
1019750,4,31163,0.951019287109375
1022075,4,30465,0.929718017578125
1024400,4,29648,0.90478515625
1026725,4,28713,0.876251220703125
1029050,4,27666,0.84429931640625
1031375,4,26509,0.808990478515625
1033700,4,25247,0.770477294921875
1036025,4,23886,0.72894287109375
1038350,4,22430,0.68450927734375
1040675,4,20886,0.63739013671875
1043000,4,19259,0.587738037109375
1045325,4,17557,0.535797119140625
1047650,4,15785,0.481719970703125
1049975,4,13951,0.425750732421875
1052300,4,12062,0.36810302734375
1054625,4,10125,0.308990478515625
1056950,4,8148,0.2486572265625
1059275,4,6139,0.187347412109375
1061600,4,4106,0.12530517578125
1063925,4,2057,0.062774658203125
1066250,4,0,0.0
1068575,4,-2057,-0.062774658203125
1070900,4,-4106,-0.12530517578125
1073225,4,-6139,-0.187347412109375
1075550,4,-8148,-0.2486572265625
1077875,4,-10125,-0.308990478515625
1080200,4,-12062,-0.36810302734375
1082525,4,-13951,-0.425750732421875
1084850,4,-15785,-0.481719970703125
1087175,4,-17557,-0.535797119140625
1089500,4,-19259,-0.587738037109375
1091825,4,-20886,-0.63739013671875
1094150,4,-22430,-0.68450927734375
1096475,4,-23886,-0.72894287109375
1098800,4,-25247,-0.770477294921875
1101125,4,-26509,-0.808990478515625
1103450,4,-27666,-0.84429931640625
1105775,4,-28713,-0.876251220703125
1108100,4,-29648,-0.90478515625
1110425,4,-30465,-0.929718017578125
1112750,4,-31163,-0.951019287109375
1115075,4,-31737,-0.968536376953125
1117400,4,-32186,-0.98223876953125
1119725,4,-32508,-0.9920654296875
1122050,4,-32702,-0.99798583984375
1124375,4,-32767,-0.999969482421875
1126700,4,-32702,-0.99798583984375
1129025,4,-32508,-0.9920654296875
1131350,4,-32186,-0.98223876953125
1133675,4,-31737,-0.968536376953125
1136000,4,-31163,-0.951019287109375
1138325,4,-30465,-0.929718017578125
1140650,4,-29648,-0.90478515625
1142975,4,-28713,-0.876251220703125
1145300,4,-27666,-0.84429931640625
1147625,4,-26509,-0.808990478515625
1149950,4,-25247,-0.770477294921875
1152275,4,-23886,-0.72894287109375
1154600,4,-22430,-0.68450927734375
1156925,4,-20886,-0.63739013671875
1159250,4,-19259,-0.587738037109375
1161575,4,-17557,-0.535797119140625
1163900,4,-15785,-0.481719970703125
1166225,4,-13951,-0.425750732421875
1168550,4,-12062,-0.36810302734375
1170875,4,-10125,-0.308990478515625
1173200,4,-8148,-0.2486572265625
1175525,4,-6139,-0.187347412109375
1177850,4,-4106,-0.12530517578125
1180175,4,-2057,-0.062774658203125
1182500,5,0,0.0
1184825,5,2057,0.062774658203125
1187150,5,4106,0.12530517578125
1189475,5,6139,0.187347412109375
1191800,5,8148,0.2486572265625
1194125,5,10125,0.308990478515625
1196450,5,12062,0.36810302734375
1198775,5,13951,0.425750732421875
1201100,5,15785,0.481719970703125
1203425,5,17557,0.535797119140625
1205750,5,19259,0.587738037109375
1208075,5,20886,0.63739013671875
1210400,5,22430,0.68450927734375
1212725,5,23886,0.72894287109375
1215050,5,25247,0.770477294921875
1217375,5,26509,0.808990478515625
1219700,5,27666,0.84429931640625
1222025,5,28713,0.876251220703125
1224350,5,29648,0.90478515625
1226675,5,30465,0.929718017578125
1229000,5,31163,0.951019287109375
1231325,5,31737,0.968536376953125
1233650,5,32186,0.98223876953125
1235975,5,32508,0.9920654296875
1238300,5,32702,0.99798583984375
1240625,5,32767,0.999969482421875
1242950,5,32702,0.99798583984375
1245275,5,32508,0.9920654296875
1247600,5,32186,0.98223876953125
1249925,5,31737,0.968536376953125
1252250,5,31163,0.951019287109375
1254575,5,30465,0.929718017578125
1256900,5,29648,0.90478515625
1259225,5,28713,0.876251220703125
1261550,5,27666,0.84429931640625
1263875,5,26509,0.808990478515625
1266200,5,25247,0.770477294921875
1268525,5,23886,0.72894287109375
1270850,5,22430,0.68450927734375
1273175,5,20886,0.63739013671875
1275500,5,19259,0.587738037109375
1277825,5,17557,0.535797119140625
1280150,5,15785,0.481719970703125
1282475,5,13951,0.425750732421875
1284800,5,12062,0.36810302734375
1287125,5,10125,0.308990478515625
1289450,5,8148,0.2486572265625
1291775,5,6139,0.187347412109375
1294100,5,4106,0.12530517578125
1296425,5,2057,0.062774658203125
1298750,5,0,0.0
1301075,5,-2057,-0.062774658203125
1303400,5,-4106,-0.12530517578125
1305725,5,-6139,-0.187347412109375
1308050,5,-8148,-0.2486572265625
1310375,5,-10125,-0.308990478515625
1312700,5,-12062,-0.36810302734375
1315025,5,-13951,-0.425750732421875
1317350,5,-15785,-0.481719970703125
1319675,5,-17557,-0.535797119140625
1322000,5,-19259,-0.587738037109375
1324325,5,-20886,-0.63739013671875
1326650,5,-22430,-0.68450927734375
1328975,5,-23886,-0.72894287109375
1331300,5,-25247,-0.770477294921875
1333625,5,-26509,-0.808990478515625
1335950,5,-27666,-0.84429931640625
1338275,5,-28713,-0.876251220703125
1340600,5,-29648,-0.90478515625
1342925,5,-30465,-0.929718017578125
1345250,5,-31163,-0.951019287109375
1347575,5,-31737,-0.968536376953125
1349900,5,-32186,-0.98223876953125
1352225,5,-32508,-0.9920654296875
1354550,5,-32702,-0.99798583984375
1356875,5,-32767,-0.999969482421875
1359200,5,-32702,-0.99798583984375
1361525,5,-32508,-0.9920654296875
1363850,5,-32186,-0.98223876953125
1366175,5,-31737,-0.968536376953125
1368500,5,-31163,-0.951019287109375
1370825,5,-30465,-0.929718017578125
1373150,5,-29648,-0.90478515625
1375475,5,-28713,-0.876251220703125
1377800,5,-27666,-0.84429931640625
1380125,5,-26509,-0.808990478515625
1382450,5,-25247,-0.770477294921875
1384775,5,-23886,-0.72894287109375
1387100,5,-22430,-0.68450927734375
1389425,5,-20886,-0.63739013671875
1391750,5,-19259,-0.587738037109375
1394075,5,-17557,-0.535797119140625
1396400,5,-15785,-0.481719970703125
1398725,5,-13951,-0.425750732421875
1401050,5,-12062,-0.36810302734375
1403375,5,-10125,-0.308990478515625
1405700,5,-8148,-0.2486572265625
1408025,5,-6139,-0.187347412109375
1410350,5,-4106,-0.12530517578125
1412675,5,-2057,-0.062774658203125
1415000,6,0,0.0
1417325,6,2057,0.062774658203125
1419650,6,4106,0.12530517578125
1421975,6,6139,0.187347412109375
1424300,6,8148,0.2486572265625
1426625,6,10125,0.308990478515625
1428950,6,12062,0.36810302734375
1431275,6,13951,0.425750732421875
1433600,6,15785,0.481719970703125
1435925,6,17557,0.535797119140625
1438250,6,19259,0.587738037109375
1440575,6,20886,0.63739013671875
1442900,6,22430,0.68450927734375
1445225,6,23886,0.72894287109375
1447550,6,25247,0.770477294921875
1449875,6,26509,0.808990478515625
1452200,6,27666,0.84429931640625
1454525,6,28713,0.876251220703125
1456850,6,29648,0.90478515625
1459175,6,30465,0.929718017578125
1461500,6,31163,0.951019287109375
1463825,6,31737,0.968536376953125
1466150,6,32186,0.98223876953125
1468475,6,32508,0.9920654296875
1470800,6,32702,0.99798583984375
1473125,6,32767,0.999969482421875
1475450,6,32702,0.99798583984375
1477775,6,32508,0.9920654296875
1480100,6,32186,0.98223876953125
1482425,6,31737,0.968536376953125
1484750,6,31163,0.951019287109375
1487075,6,30465,0.929718017578125
1489400,6,29648,0.90478515625
1491725,6,28713,0.876251220703125
1494050,6,27666,0.84429931640625
1496375,6,26509,0.808990478515625
1498700,6,25247,0.770477294921875
1501025,6,23886,0.72894287109375
1503350,6,22430,0.68450927734375
1505675,6,20886,0.63739013671875
1508000,6,19259,0.587738037109375
1510325,6,17557,0.535797119140625
1512650,6,15785,0.481719970703125
1514975,6,13951,0.425750732421875
1517300,6,12062,0.36810302734375
1519625,6,10125,0.308990478515625
1521950,6,8148,0.2486572265625
1524275,6,6139,0.187347412109375
1526600,6,4106,0.12530517578125
1528925,6,2057,0.062774658203125
1531250,6,0,0.0
1533575,6,-2057,-0.062774658203125
1535900,6,-4106,-0.12530517578125
1538225,6,-6139,-0.187347412109375
1540550,6,-8148,-0.2486572265625
1542875,6,-10125,-0.308990478515625
1545200,6,-12062,-0.36810302734375
1547525,6,-13951,-0.425750732421875
1549850,6,-15785,-0.481719970703125
1552175,6,-17557,-0.535797119140625
1554500,6,-19259,-0.587738037109375
1556825,6,-20886,-0.63739013671875
1559150,6,-22430,-0.68450927734375
1561475,6,-23886,-0.72894287109375
1563800,6,-25247,-0.770477294921875
1566125,6,-26509,-0.808990478515625
1568450,6,-27666,-0.84429931640625
1570775,6,-28713,-0.876251220703125
1573100,6,-29648,-0.90478515625
1575425,6,-30465,-0.929718017578125
1577750,6,-31163,-0.951019287109375
1580075,6,-31737,-0.968536376953125
1582400,6,-32186,-0.98223876953125
1584725,6,-32508,-0.9920654296875
1587050,6,-32702,-0.99798583984375
1589375,6,-32767,-0.999969482421875
1591700,6,-32702,-0.99798583984375
1594025,6,-32508,-0.9920654296875
1596350,6,-32186,-0.98223876953125
1598675,6,-31737,-0.968536376953125
1601000,6,-31163,-0.951019287109375
1603325,6,-30465,-0.929718017578125
1605650,6,-29648,-0.90478515625
1607975,6,-28713,-0.876251220703125
1610300,6,-27666,-0.84429931640625
1612625,6,-26509,-0.808990478515625
1614950,6,-25247,-0.770477294921875
1617275,6,-23886,-0.72894287109375
1619600,6,-22430,-0.68450927734375
1621925,6,-20886,-0.63739013671875
1624250,6,-19259,-0.587738037109375
1626575,6,-17557,-0.535797119140625
1628900,6,-15785,-0.481719970703125
1631225,6,-13951,-0.425750732421875
1633550,6,-12062,-0.36810302734375
1635875,6,-10125,-0.308990478515625
1638200,6,-8148,-0.2486572265625
1640525,6,-6139,-0.187347412109375
1642850,6,-4106,-0.12530517578125
1645175,6,-2057,-0.062774658203125
1647500,7,0,0.0
1649825,7,2057,0.062774658203125
1652150,7,4106,0.12530517578125
1654475,7,6139,0.187347412109375
1656800,7,8148,0.2486572265625
1659125,7,10125,0.308990478515625
1661450,7,12062,0.36810302734375
1663775,7,13951,0.425750732421875
1666100,7,15785,0.481719970703125
1668425,7,17557,0.535797119140625
1670750,7,19259,0.587738037109375
1673075,7,20886,0.63739013671875
1675400,7,22430,0.68450927734375
1677725,7,23886,0.72894287109375
1680050,7,25247,0.770477294921875
1682375,7,26509,0.808990478515625
1684700,7,27666,0.84429931640625
1687025,7,28713,0.876251220703125
1689350,7,29648,0.90478515625
1691675,7,30465,0.929718017578125
1694000,7,31163,0.951019287109375
1696325,7,31737,0.968536376953125
1698650,7,32186,0.98223876953125
1700975,7,32508,0.9920654296875
1703300,7,32702,0.99798583984375
1705625,7,32767,0.999969482421875
1707950,7,32702,0.99798583984375
1710275,7,32508,0.9920654296875
1712600,7,32186,0.98223876953125
1714925,7,31737,0.968536376953125
1717250,7,31163,0.951019287109375
1719575,7,30465,0.929718017578125
1721900,7,29648,0.90478515625
1724225,7,28713,0.876251220703125
1726550,7,27666,0.84429931640625
1728875,7,26509,0.808990478515625
1731200,7,25247,0.770477294921875
1733525,7,23886,0.72894287109375
1735850,7,22430,0.68450927734375
1738175,7,20886,0.63739013671875
1740500,7,19259,0.587738037109375
1742825,7,17557,0.535797119140625
1745150,7,15785,0.481719970703125
1747475,7,13951,0.425750732421875
1749800,7,12062,0.36810302734375
1752125,7,10125,0.308990478515625
1754450,7,8148,0.2486572265625
1756775,7,6139,0.187347412109375
1759100,7,4106,0.12530517578125
1761425,7,2057,0.062774658203125
1763750,7,0,0.0
1766075,7,-2057,-0.062774658203125
1768400,7,-4106,-0.12530517578125
1770725,7,-6139,-0.187347412109375
1773050,7,-8148,-0.2486572265625
1775375,7,-10125,-0.308990478515625
1777700,7,-12062,-0.36810302734375
1780025,7,-13951,-0.425750732421875
1782350,7,-15785,-0.481719970703125
1784675,7,-17557,-0.535797119140625
1787000,7,-19259,-0.587738037109375
1789325,7,-20886,-0.63739013671875
1791650,7,-22430,-0.68450927734375
1793975,7,-23886,-0.72894287109375
1796300,7,-25247,-0.770477294921875
1798625,7,-26509,-0.808990478515625
1800950,7,-27666,-0.84429931640625
1803275,7,-28713,-0.876251220703125
1805600,7,-29648,-0.90478515625
1807925,7,-30465,-0.929718017578125
1810250,7,-31163,-0.951019287109375
1812575,7,-31737,-0.968536376953125
1814900,7,-32186,-0.98223876953125
1817225,7,-32508,-0.9920654296875
1819550,7,-32702,-0.99798583984375
1821875,7,-32767,-0.999969482421875
1824200,7,-32702,-0.99798583984375
1826525,7,-32508,-0.9920654296875
1828850,7,-32186,-0.98223876953125
1831175,7,-31737,-0.968536376953125
1833500,7,-31163,-0.951019287109375
1835825,7,-30465,-0.929718017578125
1838150,7,-29648,-0.90478515625
1840475,7,-28713,-0.876251220703125
1842800,7,-27666,-0.84429931640625
1845125,7,-26509,-0.808990478515625
1847450,7,-25247,-0.770477294921875
1849775,7,-23886,-0.72894287109375
1852100,7,-22430,-0.68450927734375
1854425,7,-20886,-0.63739013671875
1856750,7,-19259,-0.587738037109375
1859075,7,-17557,-0.535797119140625
1861400,7,-15785,-0.481719970703125
1863725,7,-13951,-0.425750732421875
1866050,7,-12062,-0.36810302734375
1868375,7,-10125,-0.308990478515625
1870700,7,-8148,-0.2486572265625
1873025,7,-6139,-0.187347412109375
1875350,7,-4106,-0.12530517578125
1877675,7,-2057,-0.062774658203125
1880000,8,0,0.0
1882325,8,2057,0.062774658203125
1884650,8,4106,0.12530517578125
1886975,8,6139,0.187347412109375
1889300,8,8148,0.2486572265625
1891625,8,10125,0.308990478515625
1893950,8,12062,0.36810302734375
1896275,8,13951,0.425750732421875
1898600,8,15785,0.481719970703125
1900925,8,17557,0.535797119140625
1903250,8,19259,0.587738037109375
1905575,8,20886,0.63739013671875
1907900,8,22430,0.68450927734375
1910225,8,23886,0.72894287109375
1912550,8,25247,0.770477294921875
1914875,8,26509,0.808990478515625
1917200,8,27666,0.84429931640625
1919525,8,28713,0.876251220703125
1921850,8,29648,0.90478515625
1924175,8,30465,0.929718017578125
1926500,8,31163,0.951019287109375
1928825,8,31737,0.968536376953125
1931150,8,32186,0.98223876953125
1933475,8,32508,0.9920654296875
1935800,8,32702,0.99798583984375
1938125,8,32767,0.999969482421875
1940450,8,32702,0.99798583984375
1942775,8,32508,0.9920654296875
1945100,8,32186,0.98223876953125
1947425,8,31737,0.968536376953125
1949750,8,31163,0.951019287109375
1952075,8,30465,0.929718017578125
1954400,8,29648,0.90478515625
1956725,8,28713,0.876251220703125
1959050,8,27666,0.84429931640625
1961375,8,26509,0.808990478515625
1963700,8,25247,0.770477294921875
1966025,8,23886,0.72894287109375
1968350,8,22430,0.68450927734375
1970675,8,20886,0.63739013671875
1973000,8,19259,0.587738037109375
1975325,8,17557,0.535797119140625
1977650,8,15785,0.481719970703125
1979975,8,13951,0.425750732421875
1982300,8,12062,0.36810302734375
1984625,8,10125,0.308990478515625
1986950,8,8148,0.2486572265625
1989275,8,6139,0.187347412109375
1991600,8,4106,0.12530517578125
1993925,8,2057,0.062774658203125
1996250,8,0,0.0
1998575,8,-2057,-0.062774658203125
2000900,8,-4106,-0.12530517578125
2003225,8,-6139,-0.187347412109375
2005550,8,-8148,-0.2486572265625
2007875,8,-10125,-0.308990478515625
2010200,8,-12062,-0.36810302734375
2012525,8,-13951,-0.425750732421875
2014850,8,-15785,-0.481719970703125
2017175,8,-17557,-0.535797119140625
2019500,8,-19259,-0.587738037109375
2021825,8,-20886,-0.63739013671875
2024150,8,-22430,-0.68450927734375
2026475,8,-23886,-0.72894287109375
2028800,8,-25247,-0.770477294921875
2031125,8,-26509,-0.808990478515625
2033450,8,-27666,-0.84429931640625
2035775,8,-28713,-0.876251220703125
2038100,8,-29648,-0.90478515625
2040425,8,-30465,-0.929718017578125
2042750,8,-31163,-0.951019287109375
2045075,8,-31737,-0.968536376953125
2047400,8,-32186,-0.98223876953125
2049725,8,-32508,-0.9920654296875
2052050,8,-32702,-0.99798583984375
2054375,8,-32767,-0.999969482421875
2056700,8,-32702,-0.99798583984375
2059025,8,-32508,-0.9920654296875
2061350,8,-32186,-0.98223876953125
2063675,8,-31737,-0.968536376953125
2066000,8,-31163,-0.951019287109375
2068325,8,-30465,-0.929718017578125
2070650,8,-29648,-0.90478515625
2072975,8,-28713,-0.876251220703125
2075300,8,-27666,-0.84429931640625
2077625,8,-26509,-0.808990478515625
2079950,8,-25247,-0.770477294921875
2082275,8,-23886,-0.72894287109375
2084600,8,-22430,-0.68450927734375
2086925,8,-20886,-0.63739013671875
2089250,8,-19259,-0.587738037109375
2091575,8,-17557,-0.535797119140625
2093900,8,-15785,-0.481719970703125
2096225,8,-13951,-0.425750732421875
2098550,8,-12062,-0.36810302734375
2100875,8,-10125,-0.308990478515625
2103200,8,-8148,-0.2486572265625
2105525,8,-6139,-0.187347412109375
2107850,8,-4106,-0.12530517578125
2110175,8,-2057,-0.062774658203125
2112500,9,0,0.0
2114825,9,2057,0.062774658203125
2117150,9,4106,0.12530517578125
2119475,9,6139,0.187347412109375
2121800,9,8148,0.2486572265625
2124125,9,10125,0.308990478515625
2126450,9,12062,0.36810302734375
2128775,9,13951,0.425750732421875
2131100,9,15785,0.481719970703125
2133425,9,17557,0.535797119140625
2135750,9,19259,0.587738037109375
2138075,9,20886,0.63739013671875
2140400,9,22430,0.68450927734375
2142725,9,23886,0.72894287109375
2145050,9,25247,0.770477294921875
2147375,9,26509,0.808990478515625
2149700,9,27666,0.84429931640625
2152025,9,28713,0.876251220703125
2154350,9,29648,0.90478515625
2156675,9,30465,0.929718017578125
2159000,9,31163,0.951019287109375
2161325,9,31737,0.968536376953125
2163650,9,32186,0.98223876953125
2165975,9,32508,0.9920654296875
2168300,9,32702,0.99798583984375
2170625,9,32767,0.999969482421875
2172950,9,32702,0.99798583984375
2175275,9,32508,0.9920654296875
2177600,9,32186,0.98223876953125
2179925,9,31737,0.968536376953125
2182250,9,31163,0.951019287109375
2184575,9,30465,0.929718017578125
2186900,9,29648,0.90478515625
2189225,9,28713,0.876251220703125
2191550,9,27666,0.84429931640625
2193875,9,26509,0.808990478515625
2196200,9,25247,0.770477294921875
2198525,9,23886,0.72894287109375
2200850,9,22430,0.68450927734375
2203175,9,20886,0.63739013671875
2205500,9,19259,0.587738037109375
2207825,9,17557,0.535797119140625
2210150,9,15785,0.481719970703125
2212475,9,13951,0.425750732421875
2214800,9,12062,0.36810302734375
2217125,9,10125,0.308990478515625
2219450,9,8148,0.2486572265625
2221775,9,6139,0.187347412109375
2224100,9,4106,0.12530517578125
2226425,9,2057,0.062774658203125
2228750,9,0,0.0
2231075,9,-2057,-0.062774658203125
2233400,9,-4106,-0.12530517578125
2235725,9,-6139,-0.187347412109375
2238050,9,-8148,-0.2486572265625
2240375,9,-10125,-0.308990478515625
2242700,9,-12062,-0.36810302734375
2245025,9,-13951,-0.425750732421875
2247350,9,-15785,-0.481719970703125
2249675,9,-17557,-0.535797119140625
2252000,9,-19259,-0.587738037109375
2254325,9,-20886,-0.63739013671875
2256650,9,-22430,-0.68450927734375
2258975,9,-23886,-0.72894287109375
2261300,9,-25247,-0.770477294921875
2263625,9,-26509,-0.808990478515625
2265950,9,-27666,-0.84429931640625
2268275,9,-28713,-0.876251220703125
2270600,9,-29648,-0.90478515625
2272925,9,-30465,-0.929718017578125
2275250,9,-31163,-0.951019287109375
2277575,9,-31737,-0.968536376953125
2279900,9,-32186,-0.98223876953125
2282225,9,-32508,-0.9920654296875
2284550,9,-32702,-0.99798583984375
2286875,9,-32767,-0.999969482421875
2289200,9,-32702,-0.99798583984375
2291525,9,-32508,-0.9920654296875
2293850,9,-32186,-0.98223876953125
2296175,9,-31737,-0.968536376953125
2298500,9,-31163,-0.951019287109375
2300825,9,-30465,-0.929718017578125
2303150,9,-29648,-0.90478515625
2305475,9,-28713,-0.876251220703125
2307800,9,-27666,-0.84429931640625
2310125,9,-26509,-0.808990478515625
2312450,9,-25247,-0.770477294921875
2314775,9,-23886,-0.72894287109375
2317100,9,-22430,-0.68450927734375
2319425,9,-20886,-0.63739013671875
2321750,9,-19259,-0.587738037109375
2324075,9,-17557,-0.535797119140625
2326400,9,-15785,-0.481719970703125
2328725,9,-13951,-0.425750732421875
2331050,9,-12062,-0.36810302734375
2333375,9,-10125,-0.308990478515625
2335700,9,-8148,-0.2486572265625
2338025,9,-6139,-0.187347412109375
2340350,9,-4106,-0.12530517578125
2342675,9,-2057,-0.062774658203125
2345000,10,0,0.0
2347325,10,2057,0.062774658203125
2349650,10,4106,0.12530517578125
2351975,10,6139,0.187347412109375
2354300,10,8148,0.2486572265625
2356625,10,10125,0.308990478515625
2358950,10,12062,0.36810302734375
2361275,10,13951,0.425750732421875
2363600,10,15785,0.481719970703125
2365925,10,17557,0.535797119140625
2368250,10,19259,0.587738037109375
2370575,10,20886,0.63739013671875
2372900,10,22430,0.68450927734375
2375225,10,23886,0.72894287109375
2377550,10,25247,0.770477294921875
2379875,10,26509,0.808990478515625
2382200,10,27666,0.84429931640625
2384525,10,28713,0.876251220703125
2386850,10,29648,0.90478515625
2389175,10,30465,0.929718017578125
2391500,10,31163,0.951019287109375
2393825,10,31737,0.968536376953125
2396150,10,32186,0.98223876953125
2398475,10,32508,0.9920654296875
2400800,10,32702,0.99798583984375
2403125,10,32767,0.999969482421875
2405450,10,32702,0.99798583984375
2407775,10,32508,0.9920654296875
2410100,10,32186,0.98223876953125
2412425,10,31737,0.968536376953125
2414750,10,31163,0.951019287109375
2417075,10,30465,0.929718017578125
2419400,10,29648,0.90478515625
2421725,10,28713,0.876251220703125
2424050,10,27666,0.84429931640625
2426375,10,26509,0.808990478515625
2428700,10,25247,0.770477294921875
2431025,10,23886,0.72894287109375
2433350,10,22430,0.68450927734375
2435675,10,20886,0.63739013671875
2438000,10,19259,0.587738037109375
2440325,10,17557,0.535797119140625
2442650,10,15785,0.481719970703125
2444975,10,13951,0.425750732421875
2447300,10,12062,0.36810302734375
2449625,10,10125,0.308990478515625
2451950,10,8148,0.2486572265625
2454275,10,6139,0.187347412109375
2456600,10,4106,0.12530517578125
2458925,10,2057,0.062774658203125
2461250,10,0,0.0
2463575,10,-2057,-0.062774658203125
2465900,10,-4106,-0.12530517578125
2468225,10,-6139,-0.187347412109375
2470550,10,-8148,-0.2486572265625
2472875,10,-10125,-0.308990478515625
2475200,10,-12062,-0.36810302734375
2477525,10,-13951,-0.425750732421875
2479850,10,-15785,-0.481719970703125
2482175,10,-17557,-0.535797119140625
2484500,10,-19259,-0.587738037109375
2486825,10,-20886,-0.63739013671875
2489150,10,-22430,-0.68450927734375
2491475,10,-23886,-0.72894287109375
2493800,10,-25247,-0.770477294921875
2496125,10,-26509,-0.808990478515625
2498450,10,-27666,-0.84429931640625
2500775,10,-28713,-0.876251220703125
2503100,10,-29648,-0.90478515625
2505425,10,-30465,-0.929718017578125
2507750,10,-31163,-0.951019287109375
2510075,10,-31737,-0.968536376953125
2512400,10,-32186,-0.98223876953125
2514725,10,-32508,-0.9920654296875
2517050,10,-32702,-0.99798583984375
2519375,10,-32767,-0.999969482421875
2521700,10,-32702,-0.99798583984375
2524025,10,-32508,-0.9920654296875
2526350,10,-32186,-0.98223876953125
2528675,10,-31737,-0.968536376953125
2531000,10,-31163,-0.951019287109375
2533325,10,-30465,-0.929718017578125
2535650,10,-29648,-0.90478515625
2537975,10,-28713,-0.876251220703125
2540300,10,-27666,-0.84429931640625
2542625,10,-26509,-0.808990478515625
2544950,10,-25247,-0.770477294921875
2547275,10,-23886,-0.72894287109375
2549600,10,-22430,-0.68450927734375
2551925,10,-20886,-0.63739013671875
2554250,10,-19259,-0.587738037109375
2556575,10,-17557,-0.535797119140625
2558900,10,-15785,-0.481719970703125
2561225,10,-13951,-0.425750732421875
2563550,10,-12062,-0.36810302734375
2565875,10,-10125,-0.308990478515625
2568200,10,-8148,-0.2486572265625
2570525,10,-6139,-0.187347412109375
2572850,10,-4106,-0.12530517578125
2575175,10,-2057,-0.062774658203125
2577500,11,0,0.0
2579825,11,2057,0.062774658203125
2582150,11,4106,0.12530517578125
2584475,11,6139,0.187347412109375
2586800,11,8148,0.2486572265625
2589125,11,10125,0.308990478515625
2591450,11,12062,0.36810302734375
2593775,11,13951,0.425750732421875
2596100,11,15785,0.481719970703125
2598425,11,17557,0.535797119140625
2600750,11,19259,0.587738037109375
2603075,11,20886,0.63739013671875
2605400,11,22430,0.68450927734375
2607725,11,23886,0.72894287109375
2610050,11,25247,0.770477294921875
2612375,11,26509,0.808990478515625
2614700,11,27666,0.84429931640625
2617025,11,28713,0.876251220703125
2619350,11,29648,0.90478515625
2621675,11,30465,0.929718017578125
2624000,11,31163,0.951019287109375
2626325,11,31737,0.968536376953125
2628650,11,32186,0.98223876953125
2630975,11,32508,0.9920654296875
2633300,11,32702,0.99798583984375
2635625,11,32767,0.999969482421875
2637950,11,32702,0.99798583984375
2640275,11,32508,0.9920654296875
2642600,11,32186,0.98223876953125
2644925,11,31737,0.968536376953125
2647250,11,31163,0.951019287109375
2649575,11,30465,0.929718017578125
2651900,11,29648,0.90478515625
2654225,11,28713,0.876251220703125
2656550,11,27666,0.84429931640625
2658875,11,26509,0.808990478515625
2661200,11,25247,0.770477294921875
2663525,11,23886,0.72894287109375
2665850,11,22430,0.68450927734375
2668175,11,20886,0.63739013671875
2670500,11,19259,0.587738037109375
2672825,11,17557,0.535797119140625
2675150,11,15785,0.481719970703125
2677475,11,13951,0.425750732421875
2679800,11,12062,0.36810302734375
2682125,11,10125,0.308990478515625
2684450,11,8148,0.2486572265625
2686775,11,6139,0.187347412109375
2689100,11,4106,0.12530517578125
2691425,11,2057,0.062774658203125
2693750,11,0,0.0
2696075,11,-2057,-0.062774658203125
2698400,11,-4106,-0.12530517578125
2700725,11,-6139,-0.187347412109375
2703050,11,-8148,-0.2486572265625
2705375,11,-10125,-0.308990478515625
2707700,11,-12062,-0.36810302734375
2710025,11,-13951,-0.425750732421875
2712350,11,-15785,-0.481719970703125
2714675,11,-17557,-0.535797119140625
2717000,11,-19259,-0.587738037109375
2719325,11,-20886,-0.63739013671875
2721650,11,-22430,-0.68450927734375
2723975,11,-23886,-0.72894287109375
2726300,11,-25247,-0.770477294921875
2728625,11,-26509,-0.808990478515625
2730950,11,-27666,-0.84429931640625
2733275,11,-28713,-0.876251220703125
2735600,11,-29648,-0.90478515625
2737925,11,-30465,-0.929718017578125
2740250,11,-31163,-0.951019287109375
2742575,11,-31737,-0.968536376953125
2744900,11,-32186,-0.98223876953125
2747225,11,-32508,-0.9920654296875
2749550,11,-32702,-0.99798583984375
2751875,11,-32767,-0.999969482421875
2754200,11,-32702,-0.99798583984375
2756525,11,-32508,-0.9920654296875
2758850,11,-32186,-0.98223876953125
2761175,11,-31737,-0.968536376953125
2763500,11,-31163,-0.951019287109375
2765825,11,-30465,-0.929718017578125
2768150,11,-29648,-0.90478515625
2770475,11,-28713,-0.876251220703125
2772800,11,-27666,-0.84429931640625
2775125,11,-26509,-0.808990478515625
2777450,11,-25247,-0.770477294921875
2779775,11,-23886,-0.72894287109375
2782100,11,-22430,-0.68450927734375
2784425,11,-20886,-0.63739013671875
2786750,11,-19259,-0.587738037109375
2789075,11,-17557,-0.535797119140625
2791400,11,-15785,-0.481719970703125
2793725,11,-13951,-0.425750732421875
2796050,11,-12062,-0.36810302734375
2798375,11,-10125,-0.308990478515625
2800700,11,-8148,-0.2486572265625
2803025,11,-6139,-0.187347412109375
2805350,11,-4106,-0.12530517578125
2807675,11,-2057,-0.062774658203125
2810000,12,0,0.0
2812325,12,2057,0.062774658203125
2814650,12,4106,0.12530517578125
2816975,12,6139,0.187347412109375
2819300,12,8148,0.2486572265625
2821625,12,10125,0.308990478515625
2823950,12,12062,0.36810302734375
2826275,12,13951,0.425750732421875
2828600,12,15785,0.481719970703125
2830925,12,17557,0.535797119140625
2833250,12,19259,0.587738037109375
2835575,12,20886,0.63739013671875
2837900,12,22430,0.68450927734375
2840225,12,23886,0.72894287109375
2842550,12,25247,0.770477294921875
2844875,12,26509,0.808990478515625
2847200,12,27666,0.84429931640625
2849525,12,28713,0.876251220703125
2851850,12,29648,0.90478515625
2854175,12,30465,0.929718017578125
2856500,12,31163,0.951019287109375
2858825,12,31737,0.968536376953125
2861150,12,32186,0.98223876953125
2863475,12,32508,0.9920654296875
2865800,12,32702,0.99798583984375
2868125,12,32767,0.999969482421875
2870450,12,32702,0.99798583984375
2872775,12,32508,0.9920654296875
2875100,12,32186,0.98223876953125
2877425,12,31737,0.968536376953125
2879750,12,31163,0.951019287109375
2882075,12,30465,0.929718017578125
2884400,12,29648,0.90478515625
2886725,12,28713,0.876251220703125
2889050,12,27666,0.84429931640625
2891375,12,26509,0.808990478515625
2893700,12,25247,0.770477294921875
2896025,12,23886,0.72894287109375
2898350,12,22430,0.68450927734375
2900675,12,20886,0.63739013671875
2903000,12,19259,0.587738037109375
2905325,12,17557,0.535797119140625
2907650,12,15785,0.481719970703125
2909975,12,13951,0.425750732421875
2912300,12,12062,0.36810302734375
2914625,12,10125,0.308990478515625
2916950,12,8148,0.2486572265625
2919275,12,6139,0.187347412109375
2921600,12,4106,0.12530517578125
2923925,12,2057,0.062774658203125
2926250,12,0,0.0
2928575,12,-2057,-0.062774658203125
2930900,12,-4106,-0.12530517578125
2933225,12,-6139,-0.187347412109375
2935550,12,-8148,-0.2486572265625
2937875,12,-10125,-0.308990478515625
2940200,12,-12062,-0.36810302734375
2942525,12,-13951,-0.425750732421875
2944850,12,-15785,-0.481719970703125
2947175,12,-17557,-0.535797119140625
2949500,12,-19259,-0.587738037109375
2951825,12,-20886,-0.63739013671875
2954150,12,-22430,-0.68450927734375
2956475,12,-23886,-0.72894287109375
2958800,12,-25247,-0.770477294921875
2961125,12,-26509,-0.808990478515625
2963450,12,-27666,-0.84429931640625
2965775,12,-28713,-0.876251220703125
2968100,12,-29648,-0.90478515625
2970425,12,-30465,-0.929718017578125
2972750,12,-31163,-0.951019287109375
2975075,12,-31737,-0.968536376953125
2977400,12,-32186,-0.98223876953125
2979725,12,-32508,-0.9920654296875
2982050,12,-32702,-0.99798583984375
2984375,12,-32767,-0.999969482421875
2986700,12,-32702,-0.99798583984375
2989025,12,-32508,-0.9920654296875
2991350,12,-32186,-0.98223876953125
2993675,12,-31737,-0.968536376953125
2996000,12,-31163,-0.951019287109375
2998325,12,-30465,-0.929718017578125
3000650,12,-29648,-0.90478515625
3002975,12,-28713,-0.876251220703125
3005300,12,-27666,-0.84429931640625
3007625,12,-26509,-0.808990478515625
3009950,12,-25247,-0.770477294921875
3012275,12,-23886,-0.72894287109375
3014600,12,-22430,-0.68450927734375
3016925,12,-20886,-0.63739013671875
3019250,12,-19259,-0.587738037109375
3021575,12,-17557,-0.535797119140625
3023900,12,-15785,-0.481719970703125
3026225,12,-13951,-0.425750732421875
3028550,12,-12062,-0.36810302734375
3030875,12,-10125,-0.308990478515625
3033200,12,-8148,-0.2486572265625
3035525,12,-6139,-0.187347412109375
3037850,12,-4106,-0.12530517578125
3040175,12,-2057,-0.062774658203125
3042500,13,0,0.0
3044825,13,2057,0.062774658203125
3047150,13,4106,0.12530517578125
3049475,13,6139,0.187347412109375
3051800,13,8148,0.2486572265625
3054125,13,10125,0.308990478515625
3056450,13,12062,0.36810302734375
3058775,13,13951,0.425750732421875
3061100,13,15785,0.481719970703125
3063425,13,17557,0.535797119140625
3065750,13,19259,0.587738037109375
3068075,13,20886,0.63739013671875
3070400,13,22430,0.68450927734375
3072725,13,23886,0.72894287109375
3075050,13,25247,0.770477294921875
3077375,13,26509,0.808990478515625
3079700,13,27666,0.84429931640625
3082025,13,28713,0.876251220703125
3084350,13,29648,0.90478515625
3086675,13,30465,0.929718017578125
3089000,13,31163,0.951019287109375
3091325,13,31737,0.968536376953125
3093650,13,32186,0.98223876953125
3095975,13,32508,0.9920654296875
3098300,13,32702,0.99798583984375
3100625,13,32767,0.999969482421875
3102950,13,32702,0.99798583984375
3105275,13,32508,0.9920654296875
3107600,13,32186,0.98223876953125
3109925,13,31737,0.968536376953125
3112250,13,31163,0.951019287109375
3114575,13,30465,0.929718017578125
3116900,13,29648,0.90478515625
3119225,13,28713,0.876251220703125
3121550,13,27666,0.84429931640625
3123875,13,26509,0.808990478515625
3126200,13,25247,0.770477294921875
3128525,13,23886,0.72894287109375
3130850,13,22430,0.68450927734375
3133175,13,20886,0.63739013671875
3135500,13,19259,0.587738037109375
3137825,13,17557,0.535797119140625
3140150,13,15785,0.481719970703125
3142475,13,13951,0.425750732421875
3144800,13,12062,0.36810302734375
3147125,13,10125,0.308990478515625
3149450,13,8148,0.2486572265625
3151775,13,6139,0.187347412109375
3154100,13,4106,0.12530517578125
3156425,13,2057,0.062774658203125
3158750,13,0,0.0
3161075,13,-2057,-0.062774658203125
3163400,13,-4106,-0.12530517578125
3165725,13,-6139,-0.187347412109375
3168050,13,-8148,-0.2486572265625
3170375,13,-10125,-0.308990478515625
3172700,13,-12062,-0.36810302734375
3175025,13,-13951,-0.425750732421875
3177350,13,-15785,-0.481719970703125
3179675,13,-17557,-0.535797119140625
3182000,13,-19259,-0.587738037109375
3184325,13,-20886,-0.63739013671875
3186650,13,-22430,-0.68450927734375
3188975,13,-23886,-0.72894287109375
3191300,13,-25247,-0.770477294921875
3193625,13,-26509,-0.808990478515625
3195950,13,-27666,-0.84429931640625
3198275,13,-28713,-0.876251220703125
3200600,13,-29648,-0.90478515625
3202925,13,-30465,-0.929718017578125
3205250,13,-31163,-0.951019287109375
3207575,13,-31737,-0.968536376953125
3209900,13,-32186,-0.98223876953125
3212225,13,-32508,-0.9920654296875
3214550,13,-32702,-0.99798583984375
3216875,13,-32767,-0.999969482421875
3219200,13,-32702,-0.99798583984375
3221525,13,-32508,-0.9920654296875
3223850,13,-32186,-0.98223876953125
3226175,13,-31737,-0.968536376953125
3228500,13,-31163,-0.951019287109375
3230825,13,-30465,-0.929718017578125
3233150,13,-29648,-0.90478515625
3235475,13,-28713,-0.876251220703125
3237800,13,-27666,-0.84429931640625
3240125,13,-26509,-0.808990478515625
3242450,13,-25247,-0.770477294921875
3244775,13,-23886,-0.72894287109375
3247100,13,-22430,-0.68450927734375
3249425,13,-20886,-0.63739013671875
3251750,13,-19259,-0.587738037109375
3254075,13,-17557,-0.535797119140625
3256400,13,-15785,-0.481719970703125
3258725,13,-13951,-0.425750732421875
3261050,13,-12062,-0.36810302734375
3263375,13,-10125,-0.308990478515625
3265700,13,-8148,-0.2486572265625
3268025,13,-6139,-0.187347412109375
3270350,13,-4106,-0.12530517578125
3272675,13,-2057,-0.062774658203125
3275000,14,0,0.0
3277325,14,2057,0.062774658203125
3279650,14,4106,0.12530517578125
3281975,14,6139,0.187347412109375
3284300,14,8148,0.2486572265625
3286625,14,10125,0.308990478515625
3288950,14,12062,0.36810302734375
3291275,14,13951,0.425750732421875
3293600,14,15785,0.481719970703125
3295925,14,17557,0.535797119140625
3298250,14,19259,0.587738037109375
3300575,14,20886,0.63739013671875
3302900,14,22430,0.68450927734375
3305225,14,23886,0.72894287109375
3307550,14,25247,0.770477294921875
3309875,14,26509,0.808990478515625
3312200,14,27666,0.84429931640625
3314525,14,28713,0.876251220703125
3316850,14,29648,0.90478515625
3319175,14,30465,0.929718017578125
3321500,14,31163,0.951019287109375
3323825,14,31737,0.968536376953125
3326150,14,32186,0.98223876953125
3328475,14,32508,0.9920654296875
3330800,14,32702,0.99798583984375
3333125,14,32767,0.999969482421875
3335450,14,32702,0.99798583984375
3337775,14,32508,0.9920654296875
3340100,14,32186,0.98223876953125
3342425,14,31737,0.968536376953125
3344750,14,31163,0.951019287109375
3347075,14,30465,0.929718017578125
3349400,14,29648,0.90478515625
3351725,14,28713,0.876251220703125
3354050,14,27666,0.84429931640625
3356375,14,26509,0.808990478515625
3358700,14,25247,0.770477294921875
3361025,14,23886,0.72894287109375
3363350,14,22430,0.68450927734375
3365675,14,20886,0.63739013671875
3368000,14,19259,0.587738037109375
3370325,14,17557,0.535797119140625
3372650,14,15785,0.481719970703125
3374975,14,13951,0.425750732421875
3377300,14,12062,0.36810302734375
3379625,14,10125,0.308990478515625
3381950,14,8148,0.2486572265625
3384275,14,6139,0.187347412109375
3386600,14,4106,0.12530517578125
3388925,14,2057,0.062774658203125
3391250,14,0,0.0
3393575,14,-2057,-0.062774658203125
3395900,14,-4106,-0.12530517578125
3398225,14,-6139,-0.187347412109375
3400550,14,-8148,-0.2486572265625
3402875,14,-10125,-0.308990478515625
3405200,14,-12062,-0.36810302734375
3407525,14,-13951,-0.425750732421875
3409850,14,-15785,-0.481719970703125
3412175,14,-17557,-0.535797119140625
3414500,14,-19259,-0.587738037109375
3416825,14,-20886,-0.63739013671875
3419150,14,-22430,-0.68450927734375
3421475,14,-23886,-0.72894287109375
3423800,14,-25247,-0.770477294921875
3426125,14,-26509,-0.808990478515625
3428450,14,-27666,-0.84429931640625
3430775,14,-28713,-0.876251220703125
3433100,14,-29648,-0.90478515625
3435425,14,-30465,-0.929718017578125
3437750,14,-31163,-0.951019287109375
3440075,14,-31737,-0.968536376953125
3442400,14,-32186,-0.98223876953125
3444725,14,-32508,-0.9920654296875
3447050,14,-32702,-0.99798583984375
3449375,14,-32767,-0.999969482421875
3451700,14,-32702,-0.99798583984375
3454025,14,-32508,-0.9920654296875
3456350,14,-32186,-0.98223876953125
3458675,14,-31737,-0.968536376953125
3461000,14,-31163,-0.951019287109375
3463325,14,-30465,-0.929718017578125
3465650,14,-29648,-0.90478515625
3467975,14,-28713,-0.876251220703125
3470300,14,-27666,-0.84429931640625
3472625,14,-26509,-0.808990478515625
3474950,14,-25247,-0.770477294921875
3477275,14,-23886,-0.72894287109375
3479600,14,-22430,-0.68450927734375
3481925,14,-20886,-0.63739013671875
3484250,14,-19259,-0.587738037109375
3486575,14,-17557,-0.535797119140625
3488900,14,-15785,-0.481719970703125
3491225,14,-13951,-0.425750732421875
3493550,14,-12062,-0.36810302734375
3495875,14,-10125,-0.308990478515625
3498200,14,-8148,-0.2486572265625
3500525,14,-6139,-0.187347412109375
3502850,14,-4106,-0.12530517578125
3505175,14,-2057,-0.062774658203125
3507500,15,0,0.0
3509825,15,2057,0.062774658203125
3512150,15,4106,0.12530517578125
3514475,15,6139,0.187347412109375
3516800,15,8148,0.2486572265625
3519125,15,10125,0.308990478515625
3521450,15,12062,0.36810302734375
3523775,15,13951,0.425750732421875
3526100,15,15785,0.481719970703125
3528425,15,17557,0.535797119140625
3530750,15,19259,0.587738037109375
3533075,15,20886,0.63739013671875
3535400,15,22430,0.68450927734375
3537725,15,23886,0.72894287109375
3540050,15,25247,0.770477294921875
3542375,15,26509,0.808990478515625
3544700,15,27666,0.84429931640625
3547025,15,28713,0.876251220703125
3549350,15,29648,0.90478515625
3551675,15,30465,0.929718017578125
3554000,15,31163,0.951019287109375
3556325,15,31737,0.968536376953125
3558650,15,32186,0.98223876953125
3560975,15,32508,0.9920654296875
3563300,15,32702,0.99798583984375
3565625,15,32767,0.999969482421875
3567950,15,32702,0.99798583984375
3570275,15,32508,0.9920654296875
3572600,15,32186,0.98223876953125
3574925,15,31737,0.968536376953125
3577250,15,31163,0.951019287109375
3579575,15,30465,0.929718017578125
3581900,15,29648,0.90478515625
3584225,15,28713,0.876251220703125
3586550,15,27666,0.84429931640625
3588875,15,26509,0.808990478515625
3591200,15,25247,0.770477294921875
3593525,15,23886,0.72894287109375
3595850,15,22430,0.68450927734375
3598175,15,20886,0.63739013671875
3600500,15,19259,0.587738037109375
3602825,15,17557,0.535797119140625
3605150,15,15785,0.481719970703125
3607475,15,13951,0.425750732421875
3609800,15,12062,0.36810302734375
3612125,15,10125,0.308990478515625
3614450,15,8148,0.2486572265625
3616775,15,6139,0.187347412109375
3619100,15,4106,0.12530517578125
3621425,15,2057,0.062774658203125
3623750,15,0,0.0
3626075,15,-2057,-0.062774658203125
3628400,15,-4106,-0.12530517578125
3630725,15,-6139,-0.187347412109375
3633050,15,-8148,-0.2486572265625
3635375,15,-10125,-0.308990478515625
3637700,15,-12062,-0.36810302734375
3640025,15,-13951,-0.425750732421875
3642350,15,-15785,-0.481719970703125
3644675,15,-17557,-0.535797119140625
3647000,15,-19259,-0.587738037109375
3649325,15,-20886,-0.63739013671875
3651650,15,-22430,-0.68450927734375
3653975,15,-23886,-0.72894287109375
3656300,15,-25247,-0.770477294921875
3658625,15,-26509,-0.808990478515625
3660950,15,-27666,-0.84429931640625
3663275,15,-28713,-0.876251220703125
3665600,15,-29648,-0.90478515625
3667925,15,-30465,-0.929718017578125
3670250,15,-31163,-0.951019287109375
3672575,15,-31737,-0.968536376953125
3674900,15,-32186,-0.98223876953125
3677225,15,-32508,-0.9920654296875
3679550,15,-32702,-0.99798583984375
3681875,15,-32767,-0.999969482421875
3684200,15,-32702,-0.99798583984375
3686525,15,-32508,-0.9920654296875
3688850,15,-32186,-0.98223876953125
3691175,15,-31737,-0.968536376953125
3693500,15,-31163,-0.951019287109375
3695825,15,-30465,-0.929718017578125
3698150,15,-29648,-0.90478515625
3700475,15,-28713,-0.876251220703125
3702800,15,-27666,-0.84429931640625
3705125,15,-26509,-0.808990478515625
3707450,15,-25247,-0.770477294921875
3709775,15,-23886,-0.72894287109375
3712100,15,-22430,-0.68450927734375
3714425,15,-20886,-0.63739013671875
3716750,15,-19259,-0.587738037109375
3719075,15,-17557,-0.535797119140625
3721400,15,-15785,-0.481719970703125
3723725,15,-13951,-0.425750732421875
3726050,15,-12062,-0.36810302734375
3728375,15,-10125,-0.308990478515625
3730700,15,-8148,-0.2486572265625
3733025,15,-6139,-0.187347412109375
3735350,15,-4106,-0.12530517578125
3737675,15,-2057,-0.062774658203125
